userId,group,item,responseNo,checked
02d2024679c34f70b059efc5a43b0b73,1,age,1,0
02d2024679c34f70b059efc5a43b0b73,1,age,2,0
02d2024679c34f70b059efc5a43b0b73,1,age,3,1
02d2024679c34f70b059efc5a43b0b73,1,age,4,0
02d2024679c34f70b059efc5a43b0b73,1,age,5,0
02d2024679c34f70b059efc5a43b0b73,1,age,6,0
02d2024679c34f70b059efc5a43b0b73,1,age,7,0
02d2024679c34f70b059efc5a43b0b73,1,gender,1,0
02d2024679c34f70b059efc5a43b0b73,1,gender,2,1
02d2024679c34f70b059efc5a43b0b73,1,gender,3,0
02d2024679c34f70b059efc5a43b0b73,1,gender,4,0
b130f76ad4324a4ab9902a9b1066b972,1,age,1,0
b130f76ad4324a4ab9902a9b1066b972,1,age,2,1
b130f76ad4324a4ab9902a9b1066b972,1,age,3,0
b130f76ad4324a4ab9902a9b1066b972,1,age,4,0
b130f76ad4324a4ab9902a9b1066b972,1,age,5,0
b130f76ad4324a4ab9902a9b1066b972,1,age,6,0
b130f76ad4324a4ab9902a9b1066b972,1,age,7,0
b130f76ad4324a4ab9902a9b1066b972,1,gender,1,0
b130f76ad4324a4ab9902a9b1066b972,1,gender,2,1
b130f76ad4324a4ab9902a9b1066b972,1,gender,3,0
b130f76ad4324a4ab9902a9b1066b972,1,gender,4,0
162b817ff6334732bb895841ba865327,1,age,1,0
162b817ff6334732bb895841ba865327,1,age,2,0
162b817ff6334732bb895841ba865327,1,age,3,0
162b817ff6334732bb895841ba865327,1,age,4,1
162b817ff6334732bb895841ba865327,1,age,5,0
162b817ff6334732bb895841ba865327,1,age,6,0
162b817ff6334732bb895841ba865327,1,age,7,0
162b817ff6334732bb895841ba865327,1,gender,1,1
162b817ff6334732bb895841ba865327,1,gender,2,0
162b817ff6334732bb895841ba865327,1,gender,3,0
162b817ff6334732bb895841ba865327,1,gender,4,0
a3fb932964644789be3f3b0321683af4,1,age,1,0
a3fb932964644789be3f3b0321683af4,1,age,2,0
a3fb932964644789be3f3b0321683af4,1,age,3,0
a3fb932964644789be3f3b0321683af4,1,age,4,0
a3fb932964644789be3f3b0321683af4,1,age,5,0
a3fb932964644789be3f3b0321683af4,1,age,6,1
a3fb932964644789be3f3b0321683af4,1,age,7,0
a3fb932964644789be3f3b0321683af4,1,gender,1,1
a3fb932964644789be3f3b0321683af4,1,gender,2,0
a3fb932964644789be3f3b0321683af4,1,gender,3,0
a3fb932964644789be3f3b0321683af4,1,gender,4,0
d916c500b6b148dab6147e5e509a834d,1,age,1,0
d916c500b6b148dab6147e5e509a834d,1,age,2,1
d916c500b6b148dab6147e5e509a834d,1,age,3,0
d916c500b6b148dab6147e5e509a834d,1,age,4,0
d916c500b6b148dab6147e5e509a834d,1,age,5,0
d916c500b6b148dab6147e5e509a834d,1,age,6,0
d916c500b6b148dab6147e5e509a834d,1,age,7,0
d916c500b6b148dab6147e5e509a834d,1,gender,1,1
d916c500b6b148dab6147e5e509a834d,1,gender,2,0
d916c500b6b148dab6147e5e509a834d,1,gender,3,0
d916c500b6b148dab6147e5e509a834d,1,gender,4,0
62e1bd4c98c94f3f8d52816212af71c9,1,age,1,1
62e1bd4c98c94f3f8d52816212af71c9,1,age,2,0
62e1bd4c98c94f3f8d52816212af71c9,1,age,3,0
62e1bd4c98c94f3f8d52816212af71c9,1,age,4,0
62e1bd4c98c94f3f8d52816212af71c9,1,age,5,0
62e1bd4c98c94f3f8d52816212af71c9,1,age,6,0
62e1bd4c98c94f3f8d52816212af71c9,1,age,7,0
62e1bd4c98c94f3f8d52816212af71c9,1,gender,1,0
62e1bd4c98c94f3f8d52816212af71c9,1,gender,2,1
62e1bd4c98c94f3f8d52816212af71c9,1,gender,3,0
62e1bd4c98c94f3f8d52816212af71c9,1,gender,4,0
6839034dc3654231844cfbfe622af622,1,age,1,0
6839034dc3654231844cfbfe622af622,1,age,2,1
6839034dc3654231844cfbfe622af622,1,age,3,0
6839034dc3654231844cfbfe622af622,1,age,4,0
6839034dc3654231844cfbfe622af622,1,age,5,0
6839034dc3654231844cfbfe622af622,1,age,6,0
6839034dc3654231844cfbfe622af622,1,age,7,0
6839034dc3654231844cfbfe622af622,1,gender,1,1
6839034dc3654231844cfbfe622af622,1,gender,2,0
6839034dc3654231844cfbfe622af622,1,gender,3,0
6839034dc3654231844cfbfe622af622,1,gender,4,0
c237d7a64f2a406c94978dd76273d868,1,age,1,0
c237d7a64f2a406c94978dd76273d868,1,age,2,0
c237d7a64f2a406c94978dd76273d868,1,age,3,1
c237d7a64f2a406c94978dd76273d868,1,age,4,0
c237d7a64f2a406c94978dd76273d868,1,age,5,0
c237d7a64f2a406c94978dd76273d868,1,age,6,0
c237d7a64f2a406c94978dd76273d868,1,age,7,0
c237d7a64f2a406c94978dd76273d868,1,gender,1,1
c237d7a64f2a406c94978dd76273d868,1,gender,2,0
c237d7a64f2a406c94978dd76273d868,1,gender,3,0
c237d7a64f2a406c94978dd76273d868,1,gender,4,0
3dd4d25648334cd098d48d5fef67c575,1,age,1,0
3dd4d25648334cd098d48d5fef67c575,1,age,2,1
3dd4d25648334cd098d48d5fef67c575,1,age,3,0
3dd4d25648334cd098d48d5fef67c575,1,age,4,0
3dd4d25648334cd098d48d5fef67c575,1,age,5,0
3dd4d25648334cd098d48d5fef67c575,1,age,6,0
3dd4d25648334cd098d48d5fef67c575,1,age,7,0
3dd4d25648334cd098d48d5fef67c575,1,gender,1,1
3dd4d25648334cd098d48d5fef67c575,1,gender,2,0
3dd4d25648334cd098d48d5fef67c575,1,gender,3,0
3dd4d25648334cd098d48d5fef67c575,1,gender,4,0
0faf63d0381241c5979a38cf89dd8d59,1,age,1,0
0faf63d0381241c5979a38cf89dd8d59,1,age,2,0
0faf63d0381241c5979a38cf89dd8d59,1,age,3,0
0faf63d0381241c5979a38cf89dd8d59,1,age,4,1
0faf63d0381241c5979a38cf89dd8d59,1,age,5,0
0faf63d0381241c5979a38cf89dd8d59,1,age,6,0
0faf63d0381241c5979a38cf89dd8d59,1,age,7,0
0faf63d0381241c5979a38cf89dd8d59,1,gender,1,1
0faf63d0381241c5979a38cf89dd8d59,1,gender,2,0
0faf63d0381241c5979a38cf89dd8d59,1,gender,3,0
0faf63d0381241c5979a38cf89dd8d59,1,gender,4,0
1f5cc03fb1a44fa7a08b6328cc0f1c4b,1,age,1,0
1f5cc03fb1a44fa7a08b6328cc0f1c4b,1,age,2,0
1f5cc03fb1a44fa7a08b6328cc0f1c4b,1,age,3,1
1f5cc03fb1a44fa7a08b6328cc0f1c4b,1,age,4,0
1f5cc03fb1a44fa7a08b6328cc0f1c4b,1,age,5,0
1f5cc03fb1a44fa7a08b6328cc0f1c4b,1,age,6,0
1f5cc03fb1a44fa7a08b6328cc0f1c4b,1,age,7,0
1f5cc03fb1a44fa7a08b6328cc0f1c4b,1,gender,1,0
1f5cc03fb1a44fa7a08b6328cc0f1c4b,1,gender,2,1
1f5cc03fb1a44fa7a08b6328cc0f1c4b,1,gender,3,0
1f5cc03fb1a44fa7a08b6328cc0f1c4b,1,gender,4,0
4864967dd08f44a9acf339ecbe796c89,1,age,1,0
4864967dd08f44a9acf339ecbe796c89,1,age,2,1
4864967dd08f44a9acf339ecbe796c89,1,age,3,0
4864967dd08f44a9acf339ecbe796c89,1,age,4,0
4864967dd08f44a9acf339ecbe796c89,1,age,5,0
4864967dd08f44a9acf339ecbe796c89,1,age,6,0
4864967dd08f44a9acf339ecbe796c89,1,age,7,0
4864967dd08f44a9acf339ecbe796c89,1,gender,1,1
4864967dd08f44a9acf339ecbe796c89,1,gender,2,0
4864967dd08f44a9acf339ecbe796c89,1,gender,3,0
4864967dd08f44a9acf339ecbe796c89,1,gender,4,0
509a32a558254a418dc19f5f41ec1b04,1,age,1,0
509a32a558254a418dc19f5f41ec1b04,1,age,2,1
509a32a558254a418dc19f5f41ec1b04,1,age,3,0
509a32a558254a418dc19f5f41ec1b04,1,age,4,0
509a32a558254a418dc19f5f41ec1b04,1,age,5,0
509a32a558254a418dc19f5f41ec1b04,1,age,6,0
509a32a558254a418dc19f5f41ec1b04,1,age,7,0
509a32a558254a418dc19f5f41ec1b04,1,gender,1,0
509a32a558254a418dc19f5f41ec1b04,1,gender,2,1
509a32a558254a418dc19f5f41ec1b04,1,gender,3,0
509a32a558254a418dc19f5f41ec1b04,1,gender,4,0
8a8583c14ee24bef86cae434b0a2eace,1,age,1,0
8a8583c14ee24bef86cae434b0a2eace,1,age,2,1
8a8583c14ee24bef86cae434b0a2eace,1,age,3,0
8a8583c14ee24bef86cae434b0a2eace,1,age,4,0
8a8583c14ee24bef86cae434b0a2eace,1,age,5,0
8a8583c14ee24bef86cae434b0a2eace,1,age,6,0
8a8583c14ee24bef86cae434b0a2eace,1,age,7,0
8a8583c14ee24bef86cae434b0a2eace,1,gender,1,0
8a8583c14ee24bef86cae434b0a2eace,1,gender,2,1
8a8583c14ee24bef86cae434b0a2eace,1,gender,3,0
8a8583c14ee24bef86cae434b0a2eace,1,gender,4,0
7eee0df5d0964b71bd59a79a436fc7d2,1,age,1,0
7eee0df5d0964b71bd59a79a436fc7d2,1,age,2,0
7eee0df5d0964b71bd59a79a436fc7d2,1,age,3,0
7eee0df5d0964b71bd59a79a436fc7d2,1,age,4,1
7eee0df5d0964b71bd59a79a436fc7d2,1,age,5,0
7eee0df5d0964b71bd59a79a436fc7d2,1,age,6,0
7eee0df5d0964b71bd59a79a436fc7d2,1,age,7,0
7eee0df5d0964b71bd59a79a436fc7d2,1,gender,1,0
7eee0df5d0964b71bd59a79a436fc7d2,1,gender,2,1
7eee0df5d0964b71bd59a79a436fc7d2,1,gender,3,0
7eee0df5d0964b71bd59a79a436fc7d2,1,gender,4,0
3f8d5bb974aa4cf68909ba672640fa39,1,age,1,0
3f8d5bb974aa4cf68909ba672640fa39,1,age,2,0
3f8d5bb974aa4cf68909ba672640fa39,1,age,3,1
3f8d5bb974aa4cf68909ba672640fa39,1,age,4,0
3f8d5bb974aa4cf68909ba672640fa39,1,age,5,0
3f8d5bb974aa4cf68909ba672640fa39,1,age,6,0
3f8d5bb974aa4cf68909ba672640fa39,1,age,7,0
3f8d5bb974aa4cf68909ba672640fa39,1,gender,1,0
3f8d5bb974aa4cf68909ba672640fa39,1,gender,2,1
3f8d5bb974aa4cf68909ba672640fa39,1,gender,3,0
3f8d5bb974aa4cf68909ba672640fa39,1,gender,4,0
def1b539f71644e7b768aadc47896df7,1,age,1,1
def1b539f71644e7b768aadc47896df7,1,age,2,0
def1b539f71644e7b768aadc47896df7,1,age,3,0
def1b539f71644e7b768aadc47896df7,1,age,4,0
def1b539f71644e7b768aadc47896df7,1,age,5,0
def1b539f71644e7b768aadc47896df7,1,age,6,0
def1b539f71644e7b768aadc47896df7,1,age,7,0
def1b539f71644e7b768aadc47896df7,1,gender,1,0
def1b539f71644e7b768aadc47896df7,1,gender,2,1
def1b539f71644e7b768aadc47896df7,1,gender,3,0
def1b539f71644e7b768aadc47896df7,1,gender,4,0
96d91afc9bd542099fea4b95c3e7200f,1,age,1,1
96d91afc9bd542099fea4b95c3e7200f,1,age,2,0
96d91afc9bd542099fea4b95c3e7200f,1,age,3,0
96d91afc9bd542099fea4b95c3e7200f,1,age,4,0
96d91afc9bd542099fea4b95c3e7200f,1,age,5,0
96d91afc9bd542099fea4b95c3e7200f,1,age,6,0
96d91afc9bd542099fea4b95c3e7200f,1,age,7,0
96d91afc9bd542099fea4b95c3e7200f,1,gender,1,0
96d91afc9bd542099fea4b95c3e7200f,1,gender,2,1
96d91afc9bd542099fea4b95c3e7200f,1,gender,3,0
96d91afc9bd542099fea4b95c3e7200f,1,gender,4,0
8bb7fc2b7c9145dcb21b5774722f25a9,1,age,1,0
8bb7fc2b7c9145dcb21b5774722f25a9,1,age,2,1
8bb7fc2b7c9145dcb21b5774722f25a9,1,age,3,0
8bb7fc2b7c9145dcb21b5774722f25a9,1,age,4,0
8bb7fc2b7c9145dcb21b5774722f25a9,1,age,5,0
8bb7fc2b7c9145dcb21b5774722f25a9,1,age,6,0
8bb7fc2b7c9145dcb21b5774722f25a9,1,age,7,0
8bb7fc2b7c9145dcb21b5774722f25a9,1,gender,1,1
8bb7fc2b7c9145dcb21b5774722f25a9,1,gender,2,0
8bb7fc2b7c9145dcb21b5774722f25a9,1,gender,3,0
8bb7fc2b7c9145dcb21b5774722f25a9,1,gender,4,0
f843ac825ed24ff5a98aef0fdea596c4,1,age,1,0
f843ac825ed24ff5a98aef0fdea596c4,1,age,2,0
f843ac825ed24ff5a98aef0fdea596c4,1,age,3,0
f843ac825ed24ff5a98aef0fdea596c4,1,age,4,1
f843ac825ed24ff5a98aef0fdea596c4,1,age,5,0
f843ac825ed24ff5a98aef0fdea596c4,1,age,6,0
f843ac825ed24ff5a98aef0fdea596c4,1,age,7,0
f843ac825ed24ff5a98aef0fdea596c4,1,gender,1,1
f843ac825ed24ff5a98aef0fdea596c4,1,gender,2,0
f843ac825ed24ff5a98aef0fdea596c4,1,gender,3,0
f843ac825ed24ff5a98aef0fdea596c4,1,gender,4,0
a466ec1e6fec4f51bb5ab941d7d85fa2,1,age,1,1
a466ec1e6fec4f51bb5ab941d7d85fa2,1,age,2,0
a466ec1e6fec4f51bb5ab941d7d85fa2,1,age,3,0
a466ec1e6fec4f51bb5ab941d7d85fa2,1,age,4,0
a466ec1e6fec4f51bb5ab941d7d85fa2,1,age,5,0
a466ec1e6fec4f51bb5ab941d7d85fa2,1,age,6,0
a466ec1e6fec4f51bb5ab941d7d85fa2,1,age,7,0
a466ec1e6fec4f51bb5ab941d7d85fa2,1,gender,1,1
a466ec1e6fec4f51bb5ab941d7d85fa2,1,gender,2,0
a466ec1e6fec4f51bb5ab941d7d85fa2,1,gender,3,0
a466ec1e6fec4f51bb5ab941d7d85fa2,1,gender,4,0
6596cfeaee0b4ed7a34ce6dd894e0d29,1,age,1,0
6596cfeaee0b4ed7a34ce6dd894e0d29,1,age,2,1
6596cfeaee0b4ed7a34ce6dd894e0d29,1,age,3,0
6596cfeaee0b4ed7a34ce6dd894e0d29,1,age,4,0
6596cfeaee0b4ed7a34ce6dd894e0d29,1,age,5,0
6596cfeaee0b4ed7a34ce6dd894e0d29,1,age,6,0
6596cfeaee0b4ed7a34ce6dd894e0d29,1,age,7,0
6596cfeaee0b4ed7a34ce6dd894e0d29,1,gender,1,0
6596cfeaee0b4ed7a34ce6dd894e0d29,1,gender,2,1
6596cfeaee0b4ed7a34ce6dd894e0d29,1,gender,3,0
6596cfeaee0b4ed7a34ce6dd894e0d29,1,gender,4,0
f1bfe35b8fa3468b91aa34c61189e2ce,1,age,1,0
f1bfe35b8fa3468b91aa34c61189e2ce,1,age,2,1
f1bfe35b8fa3468b91aa34c61189e2ce,1,age,3,0
f1bfe35b8fa3468b91aa34c61189e2ce,1,age,4,0
f1bfe35b8fa3468b91aa34c61189e2ce,1,age,5,0
f1bfe35b8fa3468b91aa34c61189e2ce,1,age,6,0
f1bfe35b8fa3468b91aa34c61189e2ce,1,age,7,0
f1bfe35b8fa3468b91aa34c61189e2ce,1,gender,1,1
f1bfe35b8fa3468b91aa34c61189e2ce,1,gender,2,0
f1bfe35b8fa3468b91aa34c61189e2ce,1,gender,3,0
f1bfe35b8fa3468b91aa34c61189e2ce,1,gender,4,0
f2156eb4f9644224b525ce578ca56872,1,age,1,1
f2156eb4f9644224b525ce578ca56872,1,age,2,0
f2156eb4f9644224b525ce578ca56872,1,age,3,0
f2156eb4f9644224b525ce578ca56872,1,age,4,0
f2156eb4f9644224b525ce578ca56872,1,age,5,0
f2156eb4f9644224b525ce578ca56872,1,age,6,0
f2156eb4f9644224b525ce578ca56872,1,age,7,0
f2156eb4f9644224b525ce578ca56872,1,gender,1,0
f2156eb4f9644224b525ce578ca56872,1,gender,2,1
f2156eb4f9644224b525ce578ca56872,1,gender,3,0
f2156eb4f9644224b525ce578ca56872,1,gender,4,0
8148bf66fbe4451082f0dfac4f1fb3f3,1,age,1,0
8148bf66fbe4451082f0dfac4f1fb3f3,1,age,2,0
8148bf66fbe4451082f0dfac4f1fb3f3,1,age,3,0
8148bf66fbe4451082f0dfac4f1fb3f3,1,age,4,1
8148bf66fbe4451082f0dfac4f1fb3f3,1,age,5,0
8148bf66fbe4451082f0dfac4f1fb3f3,1,age,6,0
8148bf66fbe4451082f0dfac4f1fb3f3,1,age,7,0
8148bf66fbe4451082f0dfac4f1fb3f3,1,gender,1,0
8148bf66fbe4451082f0dfac4f1fb3f3,1,gender,2,1
8148bf66fbe4451082f0dfac4f1fb3f3,1,gender,3,0
8148bf66fbe4451082f0dfac4f1fb3f3,1,gender,4,0
0a5c14e4382546088858e6789c7f4053,1,age,1,0
0a5c14e4382546088858e6789c7f4053,1,age,2,0
0a5c14e4382546088858e6789c7f4053,1,age,3,1
0a5c14e4382546088858e6789c7f4053,1,age,4,0
0a5c14e4382546088858e6789c7f4053,1,age,5,0
0a5c14e4382546088858e6789c7f4053,1,age,6,0
0a5c14e4382546088858e6789c7f4053,1,age,7,0
0a5c14e4382546088858e6789c7f4053,1,gender,1,0
0a5c14e4382546088858e6789c7f4053,1,gender,2,1
0a5c14e4382546088858e6789c7f4053,1,gender,3,0
0a5c14e4382546088858e6789c7f4053,1,gender,4,0
78176c89b3dc4a2f9ca343eac75ae8ab,1,age,1,0
78176c89b3dc4a2f9ca343eac75ae8ab,1,age,2,1
78176c89b3dc4a2f9ca343eac75ae8ab,1,age,3,0
78176c89b3dc4a2f9ca343eac75ae8ab,1,age,4,0
78176c89b3dc4a2f9ca343eac75ae8ab,1,age,5,0
78176c89b3dc4a2f9ca343eac75ae8ab,1,age,6,0
78176c89b3dc4a2f9ca343eac75ae8ab,1,age,7,0
78176c89b3dc4a2f9ca343eac75ae8ab,1,gender,1,1
78176c89b3dc4a2f9ca343eac75ae8ab,1,gender,2,0
78176c89b3dc4a2f9ca343eac75ae8ab,1,gender,3,0
78176c89b3dc4a2f9ca343eac75ae8ab,1,gender,4,0
dde1b2fbaa8647fb9b385015c3d3e3fe,1,age,1,0
dde1b2fbaa8647fb9b385015c3d3e3fe,1,age,2,1
dde1b2fbaa8647fb9b385015c3d3e3fe,1,age,3,0
dde1b2fbaa8647fb9b385015c3d3e3fe,1,age,4,0
dde1b2fbaa8647fb9b385015c3d3e3fe,1,age,5,0
dde1b2fbaa8647fb9b385015c3d3e3fe,1,age,6,0
dde1b2fbaa8647fb9b385015c3d3e3fe,1,age,7,0
dde1b2fbaa8647fb9b385015c3d3e3fe,1,gender,1,1
dde1b2fbaa8647fb9b385015c3d3e3fe,1,gender,2,0
dde1b2fbaa8647fb9b385015c3d3e3fe,1,gender,3,0
dde1b2fbaa8647fb9b385015c3d3e3fe,1,gender,4,0
0f14643e7c2c4f07a21fde391b79ff94,1,age,1,0
0f14643e7c2c4f07a21fde391b79ff94,1,age,2,0
0f14643e7c2c4f07a21fde391b79ff94,1,age,3,1
0f14643e7c2c4f07a21fde391b79ff94,1,age,4,0
0f14643e7c2c4f07a21fde391b79ff94,1,age,5,0
0f14643e7c2c4f07a21fde391b79ff94,1,age,6,0
0f14643e7c2c4f07a21fde391b79ff94,1,age,7,0
0f14643e7c2c4f07a21fde391b79ff94,1,gender,1,1
0f14643e7c2c4f07a21fde391b79ff94,1,gender,2,0
0f14643e7c2c4f07a21fde391b79ff94,1,gender,3,0
0f14643e7c2c4f07a21fde391b79ff94,1,gender,4,0
15466328ef4c450690772e291a9d9e8b,1,age,1,0
15466328ef4c450690772e291a9d9e8b,1,age,2,1
15466328ef4c450690772e291a9d9e8b,1,age,3,0
15466328ef4c450690772e291a9d9e8b,1,age,4,0
15466328ef4c450690772e291a9d9e8b,1,age,5,0
15466328ef4c450690772e291a9d9e8b,1,age,6,0
15466328ef4c450690772e291a9d9e8b,1,age,7,0
15466328ef4c450690772e291a9d9e8b,1,gender,1,0
15466328ef4c450690772e291a9d9e8b,1,gender,2,1
15466328ef4c450690772e291a9d9e8b,1,gender,3,0
15466328ef4c450690772e291a9d9e8b,1,gender,4,0
c39d7d8e40f64183b71b31869b46345d,1,age,1,0
c39d7d8e40f64183b71b31869b46345d,1,age,2,0
c39d7d8e40f64183b71b31869b46345d,1,age,3,0
c39d7d8e40f64183b71b31869b46345d,1,age,4,1
c39d7d8e40f64183b71b31869b46345d,1,age,5,0
c39d7d8e40f64183b71b31869b46345d,1,age,6,0
c39d7d8e40f64183b71b31869b46345d,1,age,7,0
c39d7d8e40f64183b71b31869b46345d,1,gender,1,1
c39d7d8e40f64183b71b31869b46345d,1,gender,2,0
c39d7d8e40f64183b71b31869b46345d,1,gender,3,0
c39d7d8e40f64183b71b31869b46345d,1,gender,4,0
2ff5ae433a10410c8c3f348d373564bd,1,age,1,0
2ff5ae433a10410c8c3f348d373564bd,1,age,2,0
2ff5ae433a10410c8c3f348d373564bd,1,age,3,1
2ff5ae433a10410c8c3f348d373564bd,1,age,4,0
2ff5ae433a10410c8c3f348d373564bd,1,age,5,0
2ff5ae433a10410c8c3f348d373564bd,1,age,6,0
2ff5ae433a10410c8c3f348d373564bd,1,age,7,0
2ff5ae433a10410c8c3f348d373564bd,1,gender,1,0
2ff5ae433a10410c8c3f348d373564bd,1,gender,2,1
2ff5ae433a10410c8c3f348d373564bd,1,gender,3,0
2ff5ae433a10410c8c3f348d373564bd,1,gender,4,0
4c94a313818d45fbbe00932ce21d9af6,1,age,1,0
4c94a313818d45fbbe00932ce21d9af6,1,age,2,0
4c94a313818d45fbbe00932ce21d9af6,1,age,3,0
4c94a313818d45fbbe00932ce21d9af6,1,age,4,1
4c94a313818d45fbbe00932ce21d9af6,1,age,5,0
4c94a313818d45fbbe00932ce21d9af6,1,age,6,0
4c94a313818d45fbbe00932ce21d9af6,1,age,7,0
4c94a313818d45fbbe00932ce21d9af6,1,gender,1,0
4c94a313818d45fbbe00932ce21d9af6,1,gender,2,1
4c94a313818d45fbbe00932ce21d9af6,1,gender,3,0
4c94a313818d45fbbe00932ce21d9af6,1,gender,4,0
3a9a0e19a32149849e0de4df9a860b0b,1,age,1,0
3a9a0e19a32149849e0de4df9a860b0b,1,age,2,0
3a9a0e19a32149849e0de4df9a860b0b,1,age,3,0
3a9a0e19a32149849e0de4df9a860b0b,1,age,4,0
3a9a0e19a32149849e0de4df9a860b0b,1,age,5,0
3a9a0e19a32149849e0de4df9a860b0b,1,age,6,1
3a9a0e19a32149849e0de4df9a860b0b,1,age,7,0
3a9a0e19a32149849e0de4df9a860b0b,1,gender,1,1
3a9a0e19a32149849e0de4df9a860b0b,1,gender,2,0
3a9a0e19a32149849e0de4df9a860b0b,1,gender,3,0
3a9a0e19a32149849e0de4df9a860b0b,1,gender,4,0
7cc8fd9790f24c61b1b63c795c691052,1,age,1,0
7cc8fd9790f24c61b1b63c795c691052,1,age,2,0
7cc8fd9790f24c61b1b63c795c691052,1,age,3,1
7cc8fd9790f24c61b1b63c795c691052,1,age,4,0
7cc8fd9790f24c61b1b63c795c691052,1,age,5,0
7cc8fd9790f24c61b1b63c795c691052,1,age,6,0
7cc8fd9790f24c61b1b63c795c691052,1,age,7,0
7cc8fd9790f24c61b1b63c795c691052,1,gender,1,0
7cc8fd9790f24c61b1b63c795c691052,1,gender,2,1
7cc8fd9790f24c61b1b63c795c691052,1,gender,3,0
7cc8fd9790f24c61b1b63c795c691052,1,gender,4,0
47c21dc2b05a4c58b4ac1f1bbf442190,1,age,1,0
47c21dc2b05a4c58b4ac1f1bbf442190,1,age,2,0
47c21dc2b05a4c58b4ac1f1bbf442190,1,age,3,0
47c21dc2b05a4c58b4ac1f1bbf442190,1,age,4,1
47c21dc2b05a4c58b4ac1f1bbf442190,1,age,5,0
47c21dc2b05a4c58b4ac1f1bbf442190,1,age,6,0
47c21dc2b05a4c58b4ac1f1bbf442190,1,age,7,0
47c21dc2b05a4c58b4ac1f1bbf442190,1,gender,1,0
47c21dc2b05a4c58b4ac1f1bbf442190,1,gender,2,1
47c21dc2b05a4c58b4ac1f1bbf442190,1,gender,3,0
47c21dc2b05a4c58b4ac1f1bbf442190,1,gender,4,0
4cdb4c18552e4d88a5a57e28d21a37c9,1,age,1,0
4cdb4c18552e4d88a5a57e28d21a37c9,1,age,2,0
4cdb4c18552e4d88a5a57e28d21a37c9,1,age,3,1
4cdb4c18552e4d88a5a57e28d21a37c9,1,age,4,0
4cdb4c18552e4d88a5a57e28d21a37c9,1,age,5,0
4cdb4c18552e4d88a5a57e28d21a37c9,1,age,6,0
4cdb4c18552e4d88a5a57e28d21a37c9,1,age,7,0
4cdb4c18552e4d88a5a57e28d21a37c9,1,gender,1,1
4cdb4c18552e4d88a5a57e28d21a37c9,1,gender,2,0
4cdb4c18552e4d88a5a57e28d21a37c9,1,gender,3,0
4cdb4c18552e4d88a5a57e28d21a37c9,1,gender,4,0
38b00641be134ab79553e696faaa4533,1,age,1,0
38b00641be134ab79553e696faaa4533,1,age,2,0
38b00641be134ab79553e696faaa4533,1,age,3,1
38b00641be134ab79553e696faaa4533,1,age,4,0
38b00641be134ab79553e696faaa4533,1,age,5,0
38b00641be134ab79553e696faaa4533,1,age,6,0
38b00641be134ab79553e696faaa4533,1,age,7,0
38b00641be134ab79553e696faaa4533,1,gender,1,0
38b00641be134ab79553e696faaa4533,1,gender,2,1
38b00641be134ab79553e696faaa4533,1,gender,3,0
38b00641be134ab79553e696faaa4533,1,gender,4,0
bf21619ef11642e6b07f5a9f924a7bd8,1,age,1,0
bf21619ef11642e6b07f5a9f924a7bd8,1,age,2,0
bf21619ef11642e6b07f5a9f924a7bd8,1,age,3,0
bf21619ef11642e6b07f5a9f924a7bd8,1,age,4,1
bf21619ef11642e6b07f5a9f924a7bd8,1,age,5,0
bf21619ef11642e6b07f5a9f924a7bd8,1,age,6,0
bf21619ef11642e6b07f5a9f924a7bd8,1,age,7,0
bf21619ef11642e6b07f5a9f924a7bd8,1,gender,1,1
bf21619ef11642e6b07f5a9f924a7bd8,1,gender,2,0
bf21619ef11642e6b07f5a9f924a7bd8,1,gender,3,0
bf21619ef11642e6b07f5a9f924a7bd8,1,gender,4,0
7144a6a94fed483fb0e692a5f7edb087,2,age,1,1
7144a6a94fed483fb0e692a5f7edb087,2,age,2,0
7144a6a94fed483fb0e692a5f7edb087,2,age,3,0
7144a6a94fed483fb0e692a5f7edb087,2,age,4,0
7144a6a94fed483fb0e692a5f7edb087,2,age,5,0
7144a6a94fed483fb0e692a5f7edb087,2,age,6,0
7144a6a94fed483fb0e692a5f7edb087,2,age,7,0
7144a6a94fed483fb0e692a5f7edb087,2,gender,1,0
7144a6a94fed483fb0e692a5f7edb087,2,gender,2,1
7144a6a94fed483fb0e692a5f7edb087,2,gender,3,0
7144a6a94fed483fb0e692a5f7edb087,2,gender,4,0
8f0418d00d034e58b381460ac8d8aeaa,2,age,1,1
8f0418d00d034e58b381460ac8d8aeaa,2,age,2,0
8f0418d00d034e58b381460ac8d8aeaa,2,age,3,0
8f0418d00d034e58b381460ac8d8aeaa,2,age,4,0
8f0418d00d034e58b381460ac8d8aeaa,2,age,5,0
8f0418d00d034e58b381460ac8d8aeaa,2,age,6,0
8f0418d00d034e58b381460ac8d8aeaa,2,age,7,0
8f0418d00d034e58b381460ac8d8aeaa,2,gender,1,1
8f0418d00d034e58b381460ac8d8aeaa,2,gender,2,0
8f0418d00d034e58b381460ac8d8aeaa,2,gender,3,0
8f0418d00d034e58b381460ac8d8aeaa,2,gender,4,0
d2b03e84d38a446fbc12aab6b3771c54,2,age,1,1
d2b03e84d38a446fbc12aab6b3771c54,2,age,2,0
d2b03e84d38a446fbc12aab6b3771c54,2,age,3,0
d2b03e84d38a446fbc12aab6b3771c54,2,age,4,0
d2b03e84d38a446fbc12aab6b3771c54,2,age,5,0
d2b03e84d38a446fbc12aab6b3771c54,2,age,6,0
d2b03e84d38a446fbc12aab6b3771c54,2,age,7,0
d2b03e84d38a446fbc12aab6b3771c54,2,gender,1,1
d2b03e84d38a446fbc12aab6b3771c54,2,gender,2,0
d2b03e84d38a446fbc12aab6b3771c54,2,gender,3,0
d2b03e84d38a446fbc12aab6b3771c54,2,gender,4,0
d57555f95bd048f29f221dc838454301,2,age,1,0
d57555f95bd048f29f221dc838454301,2,age,2,1
d57555f95bd048f29f221dc838454301,2,age,3,0
d57555f95bd048f29f221dc838454301,2,age,4,0
d57555f95bd048f29f221dc838454301,2,age,5,0
d57555f95bd048f29f221dc838454301,2,age,6,0
d57555f95bd048f29f221dc838454301,2,age,7,0
d57555f95bd048f29f221dc838454301,2,gender,1,1
d57555f95bd048f29f221dc838454301,2,gender,2,0
d57555f95bd048f29f221dc838454301,2,gender,3,0
d57555f95bd048f29f221dc838454301,2,gender,4,0
dc1ec6d177e64d8ba7f282e5d73bcc1d,2,age,1,0
dc1ec6d177e64d8ba7f282e5d73bcc1d,2,age,2,1
dc1ec6d177e64d8ba7f282e5d73bcc1d,2,age,3,0
dc1ec6d177e64d8ba7f282e5d73bcc1d,2,age,4,0
dc1ec6d177e64d8ba7f282e5d73bcc1d,2,age,5,0
dc1ec6d177e64d8ba7f282e5d73bcc1d,2,age,6,0
dc1ec6d177e64d8ba7f282e5d73bcc1d,2,age,7,0
dc1ec6d177e64d8ba7f282e5d73bcc1d,2,gender,1,1
dc1ec6d177e64d8ba7f282e5d73bcc1d,2,gender,2,0
dc1ec6d177e64d8ba7f282e5d73bcc1d,2,gender,3,0
dc1ec6d177e64d8ba7f282e5d73bcc1d,2,gender,4,0
ea034ab13cdd4f019b9e4ca496860e67,2,age,1,0
ea034ab13cdd4f019b9e4ca496860e67,2,age,2,1
ea034ab13cdd4f019b9e4ca496860e67,2,age,3,0
ea034ab13cdd4f019b9e4ca496860e67,2,age,4,0
ea034ab13cdd4f019b9e4ca496860e67,2,age,5,0
ea034ab13cdd4f019b9e4ca496860e67,2,age,6,0
ea034ab13cdd4f019b9e4ca496860e67,2,age,7,0
ea034ab13cdd4f019b9e4ca496860e67,2,gender,1,0
ea034ab13cdd4f019b9e4ca496860e67,2,gender,2,1
ea034ab13cdd4f019b9e4ca496860e67,2,gender,3,0
ea034ab13cdd4f019b9e4ca496860e67,2,gender,4,0
6c44b01621c84d1ca962e0178e8926ed,2,age,1,1
6c44b01621c84d1ca962e0178e8926ed,2,age,2,0
6c44b01621c84d1ca962e0178e8926ed,2,age,3,0
6c44b01621c84d1ca962e0178e8926ed,2,age,4,0
6c44b01621c84d1ca962e0178e8926ed,2,age,5,0
6c44b01621c84d1ca962e0178e8926ed,2,age,6,0
6c44b01621c84d1ca962e0178e8926ed,2,age,7,0
6c44b01621c84d1ca962e0178e8926ed,2,gender,1,1
6c44b01621c84d1ca962e0178e8926ed,2,gender,2,0
6c44b01621c84d1ca962e0178e8926ed,2,gender,3,0
6c44b01621c84d1ca962e0178e8926ed,2,gender,4,0
c772f9098abe4a25982e24dc4ada0fc8,2,age,1,0
c772f9098abe4a25982e24dc4ada0fc8,2,age,2,0
c772f9098abe4a25982e24dc4ada0fc8,2,age,3,0
c772f9098abe4a25982e24dc4ada0fc8,2,age,4,0
c772f9098abe4a25982e24dc4ada0fc8,2,age,5,1
c772f9098abe4a25982e24dc4ada0fc8,2,age,6,0
c772f9098abe4a25982e24dc4ada0fc8,2,age,7,0
c772f9098abe4a25982e24dc4ada0fc8,2,gender,1,0
c772f9098abe4a25982e24dc4ada0fc8,2,gender,2,1
c772f9098abe4a25982e24dc4ada0fc8,2,gender,3,0
c772f9098abe4a25982e24dc4ada0fc8,2,gender,4,0
c63ffbd7ee6641928547f7abd380ada5,2,age,1,0
c63ffbd7ee6641928547f7abd380ada5,2,age,2,0
c63ffbd7ee6641928547f7abd380ada5,2,age,3,0
c63ffbd7ee6641928547f7abd380ada5,2,age,4,1
c63ffbd7ee6641928547f7abd380ada5,2,age,5,0
c63ffbd7ee6641928547f7abd380ada5,2,age,6,0
c63ffbd7ee6641928547f7abd380ada5,2,age,7,0
c63ffbd7ee6641928547f7abd380ada5,2,gender,1,0
c63ffbd7ee6641928547f7abd380ada5,2,gender,2,1
c63ffbd7ee6641928547f7abd380ada5,2,gender,3,0
c63ffbd7ee6641928547f7abd380ada5,2,gender,4,0
58a1a6030c9145ad81d8224aa427b139,2,age,1,0
58a1a6030c9145ad81d8224aa427b139,2,age,2,1
58a1a6030c9145ad81d8224aa427b139,2,age,3,0
58a1a6030c9145ad81d8224aa427b139,2,age,4,0
58a1a6030c9145ad81d8224aa427b139,2,age,5,0
58a1a6030c9145ad81d8224aa427b139,2,age,6,0
58a1a6030c9145ad81d8224aa427b139,2,age,7,0
58a1a6030c9145ad81d8224aa427b139,2,gender,1,1
58a1a6030c9145ad81d8224aa427b139,2,gender,2,0
58a1a6030c9145ad81d8224aa427b139,2,gender,3,0
58a1a6030c9145ad81d8224aa427b139,2,gender,4,0
0fb78e3b32d44432a1a0c97b7a199aea,2,age,1,0
0fb78e3b32d44432a1a0c97b7a199aea,2,age,2,1
0fb78e3b32d44432a1a0c97b7a199aea,2,age,3,0
0fb78e3b32d44432a1a0c97b7a199aea,2,age,4,0
0fb78e3b32d44432a1a0c97b7a199aea,2,age,5,0
0fb78e3b32d44432a1a0c97b7a199aea,2,age,6,0
0fb78e3b32d44432a1a0c97b7a199aea,2,age,7,0
0fb78e3b32d44432a1a0c97b7a199aea,2,gender,1,1
0fb78e3b32d44432a1a0c97b7a199aea,2,gender,2,0
0fb78e3b32d44432a1a0c97b7a199aea,2,gender,3,0
0fb78e3b32d44432a1a0c97b7a199aea,2,gender,4,0
dd2c686065634e0fb472d5a0b443e708,2,age,1,1
dd2c686065634e0fb472d5a0b443e708,2,age,2,0
dd2c686065634e0fb472d5a0b443e708,2,age,3,0
dd2c686065634e0fb472d5a0b443e708,2,age,4,0
dd2c686065634e0fb472d5a0b443e708,2,age,5,0
dd2c686065634e0fb472d5a0b443e708,2,age,6,0
dd2c686065634e0fb472d5a0b443e708,2,age,7,0
dd2c686065634e0fb472d5a0b443e708,2,gender,1,1
dd2c686065634e0fb472d5a0b443e708,2,gender,2,0
dd2c686065634e0fb472d5a0b443e708,2,gender,3,0
dd2c686065634e0fb472d5a0b443e708,2,gender,4,0
2f885b34a3b84e34b089e78d178d46fb,2,age,1,0
2f885b34a3b84e34b089e78d178d46fb,2,age,2,1
2f885b34a3b84e34b089e78d178d46fb,2,age,3,0
2f885b34a3b84e34b089e78d178d46fb,2,age,4,0
2f885b34a3b84e34b089e78d178d46fb,2,age,5,0
2f885b34a3b84e34b089e78d178d46fb,2,age,6,0
2f885b34a3b84e34b089e78d178d46fb,2,age,7,0
2f885b34a3b84e34b089e78d178d46fb,2,gender,1,0
2f885b34a3b84e34b089e78d178d46fb,2,gender,2,1
2f885b34a3b84e34b089e78d178d46fb,2,gender,3,0
2f885b34a3b84e34b089e78d178d46fb,2,gender,4,0
9c376a885d3544f1b3df32111eb61c50,2,age,1,0
9c376a885d3544f1b3df32111eb61c50,2,age,2,1
9c376a885d3544f1b3df32111eb61c50,2,age,3,0
9c376a885d3544f1b3df32111eb61c50,2,age,4,0
9c376a885d3544f1b3df32111eb61c50,2,age,5,0
9c376a885d3544f1b3df32111eb61c50,2,age,6,0
9c376a885d3544f1b3df32111eb61c50,2,age,7,0
9c376a885d3544f1b3df32111eb61c50,2,gender,1,1
9c376a885d3544f1b3df32111eb61c50,2,gender,2,0
9c376a885d3544f1b3df32111eb61c50,2,gender,3,0
9c376a885d3544f1b3df32111eb61c50,2,gender,4,0
c9dab4a1444b46b98c85cc588badf64a,2,age,1,0
c9dab4a1444b46b98c85cc588badf64a,2,age,2,1
c9dab4a1444b46b98c85cc588badf64a,2,age,3,0
c9dab4a1444b46b98c85cc588badf64a,2,age,4,0
c9dab4a1444b46b98c85cc588badf64a,2,age,5,0
c9dab4a1444b46b98c85cc588badf64a,2,age,6,0
c9dab4a1444b46b98c85cc588badf64a,2,age,7,0
c9dab4a1444b46b98c85cc588badf64a,2,gender,1,0
c9dab4a1444b46b98c85cc588badf64a,2,gender,2,1
c9dab4a1444b46b98c85cc588badf64a,2,gender,3,0
c9dab4a1444b46b98c85cc588badf64a,2,gender,4,0
efac9405a15d4fc4a0a934cbb3229367,2,age,1,0
efac9405a15d4fc4a0a934cbb3229367,2,age,2,1
efac9405a15d4fc4a0a934cbb3229367,2,age,3,0
efac9405a15d4fc4a0a934cbb3229367,2,age,4,0
efac9405a15d4fc4a0a934cbb3229367,2,age,5,0
efac9405a15d4fc4a0a934cbb3229367,2,age,6,0
efac9405a15d4fc4a0a934cbb3229367,2,age,7,0
efac9405a15d4fc4a0a934cbb3229367,2,gender,1,1
efac9405a15d4fc4a0a934cbb3229367,2,gender,2,0
efac9405a15d4fc4a0a934cbb3229367,2,gender,3,0
efac9405a15d4fc4a0a934cbb3229367,2,gender,4,0
fad9aa80d4a944668ad498bb0385da2b,2,age,1,1
fad9aa80d4a944668ad498bb0385da2b,2,age,2,0
fad9aa80d4a944668ad498bb0385da2b,2,age,3,0
fad9aa80d4a944668ad498bb0385da2b,2,age,4,0
fad9aa80d4a944668ad498bb0385da2b,2,age,5,0
fad9aa80d4a944668ad498bb0385da2b,2,age,6,0
fad9aa80d4a944668ad498bb0385da2b,2,age,7,0
fad9aa80d4a944668ad498bb0385da2b,2,gender,1,0
fad9aa80d4a944668ad498bb0385da2b,2,gender,2,1
fad9aa80d4a944668ad498bb0385da2b,2,gender,3,0
fad9aa80d4a944668ad498bb0385da2b,2,gender,4,0
6dc580cccce442ebab950157c214e129,2,age,1,0
6dc580cccce442ebab950157c214e129,2,age,2,0
6dc580cccce442ebab950157c214e129,2,age,3,1
6dc580cccce442ebab950157c214e129,2,age,4,0
6dc580cccce442ebab950157c214e129,2,age,5,0
6dc580cccce442ebab950157c214e129,2,age,6,0
6dc580cccce442ebab950157c214e129,2,age,7,0
6dc580cccce442ebab950157c214e129,2,gender,1,1
6dc580cccce442ebab950157c214e129,2,gender,2,0
6dc580cccce442ebab950157c214e129,2,gender,3,0
6dc580cccce442ebab950157c214e129,2,gender,4,0
5fd34fb2c3dd48d88a11019d5b91c72e,2,age,1,0
5fd34fb2c3dd48d88a11019d5b91c72e,2,age,2,1
5fd34fb2c3dd48d88a11019d5b91c72e,2,age,3,0
5fd34fb2c3dd48d88a11019d5b91c72e,2,age,4,0
5fd34fb2c3dd48d88a11019d5b91c72e,2,age,5,0
5fd34fb2c3dd48d88a11019d5b91c72e,2,age,6,0
5fd34fb2c3dd48d88a11019d5b91c72e,2,age,7,0
5fd34fb2c3dd48d88a11019d5b91c72e,2,gender,1,0
5fd34fb2c3dd48d88a11019d5b91c72e,2,gender,2,1
5fd34fb2c3dd48d88a11019d5b91c72e,2,gender,3,0
5fd34fb2c3dd48d88a11019d5b91c72e,2,gender,4,0
502d68bc51a143d192ea42378874714d,2,age,1,1
502d68bc51a143d192ea42378874714d,2,age,2,0
502d68bc51a143d192ea42378874714d,2,age,3,0
502d68bc51a143d192ea42378874714d,2,age,4,0
502d68bc51a143d192ea42378874714d,2,age,5,0
502d68bc51a143d192ea42378874714d,2,age,6,0
502d68bc51a143d192ea42378874714d,2,age,7,0
502d68bc51a143d192ea42378874714d,2,gender,1,0
502d68bc51a143d192ea42378874714d,2,gender,2,1
502d68bc51a143d192ea42378874714d,2,gender,3,0
502d68bc51a143d192ea42378874714d,2,gender,4,0
429eac3d01334bef8adc3aafdb7cce43,2,age,1,0
429eac3d01334bef8adc3aafdb7cce43,2,age,2,0
429eac3d01334bef8adc3aafdb7cce43,2,age,3,1
429eac3d01334bef8adc3aafdb7cce43,2,age,4,0
429eac3d01334bef8adc3aafdb7cce43,2,age,5,0
429eac3d01334bef8adc3aafdb7cce43,2,age,6,0
429eac3d01334bef8adc3aafdb7cce43,2,age,7,0
429eac3d01334bef8adc3aafdb7cce43,2,gender,1,1
429eac3d01334bef8adc3aafdb7cce43,2,gender,2,0
429eac3d01334bef8adc3aafdb7cce43,2,gender,3,0
429eac3d01334bef8adc3aafdb7cce43,2,gender,4,0
e359ebf1489045bba3a7e124d58debd0,2,age,1,0
e359ebf1489045bba3a7e124d58debd0,2,age,2,1
e359ebf1489045bba3a7e124d58debd0,2,age,3,0
e359ebf1489045bba3a7e124d58debd0,2,age,4,0
e359ebf1489045bba3a7e124d58debd0,2,age,5,0
e359ebf1489045bba3a7e124d58debd0,2,age,6,0
e359ebf1489045bba3a7e124d58debd0,2,age,7,0
e359ebf1489045bba3a7e124d58debd0,2,gender,1,1
e359ebf1489045bba3a7e124d58debd0,2,gender,2,0
e359ebf1489045bba3a7e124d58debd0,2,gender,3,0
e359ebf1489045bba3a7e124d58debd0,2,gender,4,0
c38e9697d51b4e3595538ee403d2d591,2,age,1,0
c38e9697d51b4e3595538ee403d2d591,2,age,2,1
c38e9697d51b4e3595538ee403d2d591,2,age,3,0
c38e9697d51b4e3595538ee403d2d591,2,age,4,0
c38e9697d51b4e3595538ee403d2d591,2,age,5,0
c38e9697d51b4e3595538ee403d2d591,2,age,6,0
c38e9697d51b4e3595538ee403d2d591,2,age,7,0
c38e9697d51b4e3595538ee403d2d591,2,gender,1,1
c38e9697d51b4e3595538ee403d2d591,2,gender,2,0
c38e9697d51b4e3595538ee403d2d591,2,gender,3,0
c38e9697d51b4e3595538ee403d2d591,2,gender,4,0
2f5a5499bcaa4d4d8053cd348d746c84,2,age,1,0
2f5a5499bcaa4d4d8053cd348d746c84,2,age,2,1
2f5a5499bcaa4d4d8053cd348d746c84,2,age,3,0
2f5a5499bcaa4d4d8053cd348d746c84,2,age,4,0
2f5a5499bcaa4d4d8053cd348d746c84,2,age,5,0
2f5a5499bcaa4d4d8053cd348d746c84,2,age,6,0
2f5a5499bcaa4d4d8053cd348d746c84,2,age,7,0
2f5a5499bcaa4d4d8053cd348d746c84,2,gender,1,0
2f5a5499bcaa4d4d8053cd348d746c84,2,gender,2,1
2f5a5499bcaa4d4d8053cd348d746c84,2,gender,3,0
2f5a5499bcaa4d4d8053cd348d746c84,2,gender,4,0
3215bcc4bea7450cb7b8a749d8a63b07,2,age,1,0
3215bcc4bea7450cb7b8a749d8a63b07,2,age,2,1
3215bcc4bea7450cb7b8a749d8a63b07,2,age,3,0
3215bcc4bea7450cb7b8a749d8a63b07,2,age,4,0
3215bcc4bea7450cb7b8a749d8a63b07,2,age,5,0
3215bcc4bea7450cb7b8a749d8a63b07,2,age,6,0
3215bcc4bea7450cb7b8a749d8a63b07,2,age,7,0
3215bcc4bea7450cb7b8a749d8a63b07,2,gender,1,0
3215bcc4bea7450cb7b8a749d8a63b07,2,gender,2,1
3215bcc4bea7450cb7b8a749d8a63b07,2,gender,3,0
3215bcc4bea7450cb7b8a749d8a63b07,2,gender,4,0
46e8319baedb4d30ad8590b34aaead34,2,age,1,1
46e8319baedb4d30ad8590b34aaead34,2,age,2,0
46e8319baedb4d30ad8590b34aaead34,2,age,3,0
46e8319baedb4d30ad8590b34aaead34,2,age,4,0
46e8319baedb4d30ad8590b34aaead34,2,age,5,0
46e8319baedb4d30ad8590b34aaead34,2,age,6,0
46e8319baedb4d30ad8590b34aaead34,2,age,7,0
46e8319baedb4d30ad8590b34aaead34,2,gender,1,0
46e8319baedb4d30ad8590b34aaead34,2,gender,2,1
46e8319baedb4d30ad8590b34aaead34,2,gender,3,0
46e8319baedb4d30ad8590b34aaead34,2,gender,4,0
063288f6e9824b629e1cbd51fa360730,2,age,1,0
063288f6e9824b629e1cbd51fa360730,2,age,2,1
063288f6e9824b629e1cbd51fa360730,2,age,3,0
063288f6e9824b629e1cbd51fa360730,2,age,4,0
063288f6e9824b629e1cbd51fa360730,2,age,5,0
063288f6e9824b629e1cbd51fa360730,2,age,6,0
063288f6e9824b629e1cbd51fa360730,2,age,7,0
063288f6e9824b629e1cbd51fa360730,2,gender,1,1
063288f6e9824b629e1cbd51fa360730,2,gender,2,0
063288f6e9824b629e1cbd51fa360730,2,gender,3,0
063288f6e9824b629e1cbd51fa360730,2,gender,4,0
bd431014eb104974a59377cc8a1123b2,2,age,1,0
bd431014eb104974a59377cc8a1123b2,2,age,2,0
bd431014eb104974a59377cc8a1123b2,2,age,3,0
bd431014eb104974a59377cc8a1123b2,2,age,4,0
bd431014eb104974a59377cc8a1123b2,2,age,5,1
bd431014eb104974a59377cc8a1123b2,2,age,6,0
bd431014eb104974a59377cc8a1123b2,2,age,7,0
bd431014eb104974a59377cc8a1123b2,2,gender,1,1
bd431014eb104974a59377cc8a1123b2,2,gender,2,0
bd431014eb104974a59377cc8a1123b2,2,gender,3,0
bd431014eb104974a59377cc8a1123b2,2,gender,4,0
2eb717d536a74c1eacd652f8025af0f4,2,age,1,0
2eb717d536a74c1eacd652f8025af0f4,2,age,2,0
2eb717d536a74c1eacd652f8025af0f4,2,age,3,1
2eb717d536a74c1eacd652f8025af0f4,2,age,4,0
2eb717d536a74c1eacd652f8025af0f4,2,age,5,0
2eb717d536a74c1eacd652f8025af0f4,2,age,6,0
2eb717d536a74c1eacd652f8025af0f4,2,age,7,0
2eb717d536a74c1eacd652f8025af0f4,2,gender,1,0
2eb717d536a74c1eacd652f8025af0f4,2,gender,2,1
2eb717d536a74c1eacd652f8025af0f4,2,gender,3,0
2eb717d536a74c1eacd652f8025af0f4,2,gender,4,0
e5c8e48cfd0f43d29d8c46774bb1ac00,2,age,1,1
e5c8e48cfd0f43d29d8c46774bb1ac00,2,age,2,0
e5c8e48cfd0f43d29d8c46774bb1ac00,2,age,3,0
e5c8e48cfd0f43d29d8c46774bb1ac00,2,age,4,0
e5c8e48cfd0f43d29d8c46774bb1ac00,2,age,5,0
e5c8e48cfd0f43d29d8c46774bb1ac00,2,age,6,0
e5c8e48cfd0f43d29d8c46774bb1ac00,2,age,7,0
e5c8e48cfd0f43d29d8c46774bb1ac00,2,gender,1,0
e5c8e48cfd0f43d29d8c46774bb1ac00,2,gender,2,1
e5c8e48cfd0f43d29d8c46774bb1ac00,2,gender,3,0
e5c8e48cfd0f43d29d8c46774bb1ac00,2,gender,4,0
588d03ab75504d7a8a13c0b25e22aeac,2,age,1,0
588d03ab75504d7a8a13c0b25e22aeac,2,age,2,0
588d03ab75504d7a8a13c0b25e22aeac,2,age,3,0
588d03ab75504d7a8a13c0b25e22aeac,2,age,4,1
588d03ab75504d7a8a13c0b25e22aeac,2,age,5,0
588d03ab75504d7a8a13c0b25e22aeac,2,age,6,0
588d03ab75504d7a8a13c0b25e22aeac,2,age,7,0
588d03ab75504d7a8a13c0b25e22aeac,2,gender,1,1
588d03ab75504d7a8a13c0b25e22aeac,2,gender,2,0
588d03ab75504d7a8a13c0b25e22aeac,2,gender,3,0
588d03ab75504d7a8a13c0b25e22aeac,2,gender,4,0
b61836e1b02c4708b70a7ae1fc94ceef,2,age,1,0
b61836e1b02c4708b70a7ae1fc94ceef,2,age,2,0
b61836e1b02c4708b70a7ae1fc94ceef,2,age,3,1
b61836e1b02c4708b70a7ae1fc94ceef,2,age,4,0
b61836e1b02c4708b70a7ae1fc94ceef,2,age,5,0
b61836e1b02c4708b70a7ae1fc94ceef,2,age,6,0
b61836e1b02c4708b70a7ae1fc94ceef,2,age,7,0
b61836e1b02c4708b70a7ae1fc94ceef,2,gender,1,0
b61836e1b02c4708b70a7ae1fc94ceef,2,gender,2,1
b61836e1b02c4708b70a7ae1fc94ceef,2,gender,3,0
b61836e1b02c4708b70a7ae1fc94ceef,2,gender,4,0
bc2bfffc45a9498e851286ff65774d20,2,age,1,0
bc2bfffc45a9498e851286ff65774d20,2,age,2,0
bc2bfffc45a9498e851286ff65774d20,2,age,3,1
bc2bfffc45a9498e851286ff65774d20,2,age,4,0
bc2bfffc45a9498e851286ff65774d20,2,age,5,0
bc2bfffc45a9498e851286ff65774d20,2,age,6,0
bc2bfffc45a9498e851286ff65774d20,2,age,7,0
bc2bfffc45a9498e851286ff65774d20,2,gender,1,0
bc2bfffc45a9498e851286ff65774d20,2,gender,2,1
bc2bfffc45a9498e851286ff65774d20,2,gender,3,0
bc2bfffc45a9498e851286ff65774d20,2,gender,4,0
9b4574d631bc419a9d027ba76d0e9b98,2,age,1,0
9b4574d631bc419a9d027ba76d0e9b98,2,age,2,0
9b4574d631bc419a9d027ba76d0e9b98,2,age,3,1
9b4574d631bc419a9d027ba76d0e9b98,2,age,4,0
9b4574d631bc419a9d027ba76d0e9b98,2,age,5,0
9b4574d631bc419a9d027ba76d0e9b98,2,age,6,0
9b4574d631bc419a9d027ba76d0e9b98,2,age,7,0
9b4574d631bc419a9d027ba76d0e9b98,2,gender,1,0
9b4574d631bc419a9d027ba76d0e9b98,2,gender,2,1
9b4574d631bc419a9d027ba76d0e9b98,2,gender,3,0
9b4574d631bc419a9d027ba76d0e9b98,2,gender,4,0
aa9db9be0ed34fd6bbfe03a6fdc0fc98,2,age,1,0
aa9db9be0ed34fd6bbfe03a6fdc0fc98,2,age,2,0
aa9db9be0ed34fd6bbfe03a6fdc0fc98,2,age,3,0
aa9db9be0ed34fd6bbfe03a6fdc0fc98,2,age,4,1
aa9db9be0ed34fd6bbfe03a6fdc0fc98,2,age,5,0
aa9db9be0ed34fd6bbfe03a6fdc0fc98,2,age,6,0
aa9db9be0ed34fd6bbfe03a6fdc0fc98,2,age,7,0
aa9db9be0ed34fd6bbfe03a6fdc0fc98,2,gender,1,1
aa9db9be0ed34fd6bbfe03a6fdc0fc98,2,gender,2,0
aa9db9be0ed34fd6bbfe03a6fdc0fc98,2,gender,3,0
aa9db9be0ed34fd6bbfe03a6fdc0fc98,2,gender,4,0
e33572d862794f1e850e49f1fc3ece5b,2,age,1,0
e33572d862794f1e850e49f1fc3ece5b,2,age,2,0
e33572d862794f1e850e49f1fc3ece5b,2,age,3,0
e33572d862794f1e850e49f1fc3ece5b,2,age,4,1
e33572d862794f1e850e49f1fc3ece5b,2,age,5,0
e33572d862794f1e850e49f1fc3ece5b,2,age,6,0
e33572d862794f1e850e49f1fc3ece5b,2,age,7,0
e33572d862794f1e850e49f1fc3ece5b,2,gender,1,0
e33572d862794f1e850e49f1fc3ece5b,2,gender,2,1
e33572d862794f1e850e49f1fc3ece5b,2,gender,3,0
e33572d862794f1e850e49f1fc3ece5b,2,gender,4,0
42d05a48e7bb45319940c0097c5a8155,2,age,1,0
42d05a48e7bb45319940c0097c5a8155,2,age,2,1
42d05a48e7bb45319940c0097c5a8155,2,age,3,0
42d05a48e7bb45319940c0097c5a8155,2,age,4,0
42d05a48e7bb45319940c0097c5a8155,2,age,5,0
42d05a48e7bb45319940c0097c5a8155,2,age,6,0
42d05a48e7bb45319940c0097c5a8155,2,age,7,0
42d05a48e7bb45319940c0097c5a8155,2,gender,1,1
42d05a48e7bb45319940c0097c5a8155,2,gender,2,0
42d05a48e7bb45319940c0097c5a8155,2,gender,3,0
42d05a48e7bb45319940c0097c5a8155,2,gender,4,0
d481aed8c8744baab8ed4fc17da1f4e1,2,age,1,0
d481aed8c8744baab8ed4fc17da1f4e1,2,age,2,1
d481aed8c8744baab8ed4fc17da1f4e1,2,age,3,0
d481aed8c8744baab8ed4fc17da1f4e1,2,age,4,0
d481aed8c8744baab8ed4fc17da1f4e1,2,age,5,0
d481aed8c8744baab8ed4fc17da1f4e1,2,age,6,0
d481aed8c8744baab8ed4fc17da1f4e1,2,age,7,0
d481aed8c8744baab8ed4fc17da1f4e1,2,gender,1,1
d481aed8c8744baab8ed4fc17da1f4e1,2,gender,2,0
d481aed8c8744baab8ed4fc17da1f4e1,2,gender,3,0
d481aed8c8744baab8ed4fc17da1f4e1,2,gender,4,0
a6dee2b950e64ac4bd95cdb40c856e53,2,age,1,1
a6dee2b950e64ac4bd95cdb40c856e53,2,age,2,0
a6dee2b950e64ac4bd95cdb40c856e53,2,age,3,0
a6dee2b950e64ac4bd95cdb40c856e53,2,age,4,0
a6dee2b950e64ac4bd95cdb40c856e53,2,age,5,0
a6dee2b950e64ac4bd95cdb40c856e53,2,age,6,0
a6dee2b950e64ac4bd95cdb40c856e53,2,age,7,0
a6dee2b950e64ac4bd95cdb40c856e53,2,gender,1,0
a6dee2b950e64ac4bd95cdb40c856e53,2,gender,2,1
a6dee2b950e64ac4bd95cdb40c856e53,2,gender,3,0
a6dee2b950e64ac4bd95cdb40c856e53,2,gender,4,0
4a63b7f4e09147e2813e16f414fc8d21,2,age,1,0
4a63b7f4e09147e2813e16f414fc8d21,2,age,2,0
4a63b7f4e09147e2813e16f414fc8d21,2,age,3,0
4a63b7f4e09147e2813e16f414fc8d21,2,age,4,1
4a63b7f4e09147e2813e16f414fc8d21,2,age,5,0
4a63b7f4e09147e2813e16f414fc8d21,2,age,6,0
4a63b7f4e09147e2813e16f414fc8d21,2,age,7,0
4a63b7f4e09147e2813e16f414fc8d21,2,gender,1,0
4a63b7f4e09147e2813e16f414fc8d21,2,gender,2,1
4a63b7f4e09147e2813e16f414fc8d21,2,gender,3,0
4a63b7f4e09147e2813e16f414fc8d21,2,gender,4,0
5c17b37e3cb74d188e341b49220468df,3,age,1,1
5c17b37e3cb74d188e341b49220468df,3,age,2,0
5c17b37e3cb74d188e341b49220468df,3,age,3,0
5c17b37e3cb74d188e341b49220468df,3,age,4,0
5c17b37e3cb74d188e341b49220468df,3,age,5,0
5c17b37e3cb74d188e341b49220468df,3,age,6,0
5c17b37e3cb74d188e341b49220468df,3,age,7,0
5c17b37e3cb74d188e341b49220468df,3,gender,1,1
5c17b37e3cb74d188e341b49220468df,3,gender,2,0
5c17b37e3cb74d188e341b49220468df,3,gender,3,0
5c17b37e3cb74d188e341b49220468df,3,gender,4,0
6f78f6db62ed4ecd925216b5b52d01fa,3,age,1,0
6f78f6db62ed4ecd925216b5b52d01fa,3,age,2,1
6f78f6db62ed4ecd925216b5b52d01fa,3,age,3,0
6f78f6db62ed4ecd925216b5b52d01fa,3,age,4,0
6f78f6db62ed4ecd925216b5b52d01fa,3,age,5,0
6f78f6db62ed4ecd925216b5b52d01fa,3,age,6,0
6f78f6db62ed4ecd925216b5b52d01fa,3,age,7,0
6f78f6db62ed4ecd925216b5b52d01fa,3,gender,1,0
6f78f6db62ed4ecd925216b5b52d01fa,3,gender,2,1
6f78f6db62ed4ecd925216b5b52d01fa,3,gender,3,0
6f78f6db62ed4ecd925216b5b52d01fa,3,gender,4,0
6a8626b8cd4a42e4b90307e2eb901ac3,3,age,1,0
6a8626b8cd4a42e4b90307e2eb901ac3,3,age,2,1
6a8626b8cd4a42e4b90307e2eb901ac3,3,age,3,0
6a8626b8cd4a42e4b90307e2eb901ac3,3,age,4,0
6a8626b8cd4a42e4b90307e2eb901ac3,3,age,5,0
6a8626b8cd4a42e4b90307e2eb901ac3,3,age,6,0
6a8626b8cd4a42e4b90307e2eb901ac3,3,age,7,0
6a8626b8cd4a42e4b90307e2eb901ac3,3,gender,1,1
6a8626b8cd4a42e4b90307e2eb901ac3,3,gender,2,0
6a8626b8cd4a42e4b90307e2eb901ac3,3,gender,3,0
6a8626b8cd4a42e4b90307e2eb901ac3,3,gender,4,0
1a992eb206ac441cab7f3010328ad877,3,age,1,1
1a992eb206ac441cab7f3010328ad877,3,age,2,0
1a992eb206ac441cab7f3010328ad877,3,age,3,0
1a992eb206ac441cab7f3010328ad877,3,age,4,0
1a992eb206ac441cab7f3010328ad877,3,age,5,0
1a992eb206ac441cab7f3010328ad877,3,age,6,0
1a992eb206ac441cab7f3010328ad877,3,age,7,0
1a992eb206ac441cab7f3010328ad877,3,gender,1,0
1a992eb206ac441cab7f3010328ad877,3,gender,2,1
1a992eb206ac441cab7f3010328ad877,3,gender,3,0
1a992eb206ac441cab7f3010328ad877,3,gender,4,0
368ebdb8ae1f49aaa2037219da68a2c0,3,age,1,0
368ebdb8ae1f49aaa2037219da68a2c0,3,age,2,0
368ebdb8ae1f49aaa2037219da68a2c0,3,age,3,0
368ebdb8ae1f49aaa2037219da68a2c0,3,age,4,0
368ebdb8ae1f49aaa2037219da68a2c0,3,age,5,1
368ebdb8ae1f49aaa2037219da68a2c0,3,age,6,0
368ebdb8ae1f49aaa2037219da68a2c0,3,age,7,0
368ebdb8ae1f49aaa2037219da68a2c0,3,gender,1,1
368ebdb8ae1f49aaa2037219da68a2c0,3,gender,2,0
368ebdb8ae1f49aaa2037219da68a2c0,3,gender,3,0
368ebdb8ae1f49aaa2037219da68a2c0,3,gender,4,0
6049cd72733544d991be1ea0f36897d1,3,age,1,0
6049cd72733544d991be1ea0f36897d1,3,age,2,1
6049cd72733544d991be1ea0f36897d1,3,age,3,0
6049cd72733544d991be1ea0f36897d1,3,age,4,0
6049cd72733544d991be1ea0f36897d1,3,age,5,0
6049cd72733544d991be1ea0f36897d1,3,age,6,0
6049cd72733544d991be1ea0f36897d1,3,age,7,0
6049cd72733544d991be1ea0f36897d1,3,gender,1,1
6049cd72733544d991be1ea0f36897d1,3,gender,2,0
6049cd72733544d991be1ea0f36897d1,3,gender,3,0
6049cd72733544d991be1ea0f36897d1,3,gender,4,0
72f51bea947c4539845b6c43ab78874e,3,age,1,0
72f51bea947c4539845b6c43ab78874e,3,age,2,0
72f51bea947c4539845b6c43ab78874e,3,age,3,0
72f51bea947c4539845b6c43ab78874e,3,age,4,0
72f51bea947c4539845b6c43ab78874e,3,age,5,1
72f51bea947c4539845b6c43ab78874e,3,age,6,0
72f51bea947c4539845b6c43ab78874e,3,age,7,0
72f51bea947c4539845b6c43ab78874e,3,gender,1,1
72f51bea947c4539845b6c43ab78874e,3,gender,2,0
72f51bea947c4539845b6c43ab78874e,3,gender,3,0
72f51bea947c4539845b6c43ab78874e,3,gender,4,0
deefd319654645e4b5a2f7733a93f864,3,age,1,0
deefd319654645e4b5a2f7733a93f864,3,age,2,0
deefd319654645e4b5a2f7733a93f864,3,age,3,1
deefd319654645e4b5a2f7733a93f864,3,age,4,0
deefd319654645e4b5a2f7733a93f864,3,age,5,0
deefd319654645e4b5a2f7733a93f864,3,age,6,0
deefd319654645e4b5a2f7733a93f864,3,age,7,0
deefd319654645e4b5a2f7733a93f864,3,gender,1,1
deefd319654645e4b5a2f7733a93f864,3,gender,2,0
deefd319654645e4b5a2f7733a93f864,3,gender,3,0
deefd319654645e4b5a2f7733a93f864,3,gender,4,0
df5981f3495c4d9d987b87e1f21ce063,3,age,1,1
df5981f3495c4d9d987b87e1f21ce063,3,age,2,0
df5981f3495c4d9d987b87e1f21ce063,3,age,3,0
df5981f3495c4d9d987b87e1f21ce063,3,age,4,0
df5981f3495c4d9d987b87e1f21ce063,3,age,5,0
df5981f3495c4d9d987b87e1f21ce063,3,age,6,0
df5981f3495c4d9d987b87e1f21ce063,3,age,7,0
df5981f3495c4d9d987b87e1f21ce063,3,gender,1,1
df5981f3495c4d9d987b87e1f21ce063,3,gender,2,0
df5981f3495c4d9d987b87e1f21ce063,3,gender,3,0
df5981f3495c4d9d987b87e1f21ce063,3,gender,4,0
59ea46c140634bb7a9ddd3f297feb317,3,age,1,0
59ea46c140634bb7a9ddd3f297feb317,3,age,2,0
59ea46c140634bb7a9ddd3f297feb317,3,age,3,1
59ea46c140634bb7a9ddd3f297feb317,3,age,4,0
59ea46c140634bb7a9ddd3f297feb317,3,age,5,0
59ea46c140634bb7a9ddd3f297feb317,3,age,6,0
59ea46c140634bb7a9ddd3f297feb317,3,age,7,0
59ea46c140634bb7a9ddd3f297feb317,3,gender,1,0
59ea46c140634bb7a9ddd3f297feb317,3,gender,2,1
59ea46c140634bb7a9ddd3f297feb317,3,gender,3,0
59ea46c140634bb7a9ddd3f297feb317,3,gender,4,0
36a6a08bcc9d47c49d05c30aff42e936,3,age,1,0
36a6a08bcc9d47c49d05c30aff42e936,3,age,2,0
36a6a08bcc9d47c49d05c30aff42e936,3,age,3,0
36a6a08bcc9d47c49d05c30aff42e936,3,age,4,1
36a6a08bcc9d47c49d05c30aff42e936,3,age,5,0
36a6a08bcc9d47c49d05c30aff42e936,3,age,6,0
36a6a08bcc9d47c49d05c30aff42e936,3,age,7,0
36a6a08bcc9d47c49d05c30aff42e936,3,gender,1,1
36a6a08bcc9d47c49d05c30aff42e936,3,gender,2,0
36a6a08bcc9d47c49d05c30aff42e936,3,gender,3,0
36a6a08bcc9d47c49d05c30aff42e936,3,gender,4,0
a5192da213f447a994a1be7473ab3614,3,age,1,0
a5192da213f447a994a1be7473ab3614,3,age,2,0
a5192da213f447a994a1be7473ab3614,3,age,3,1
a5192da213f447a994a1be7473ab3614,3,age,4,0
a5192da213f447a994a1be7473ab3614,3,age,5,0
a5192da213f447a994a1be7473ab3614,3,age,6,0
a5192da213f447a994a1be7473ab3614,3,age,7,0
a5192da213f447a994a1be7473ab3614,3,gender,1,0
a5192da213f447a994a1be7473ab3614,3,gender,2,1
a5192da213f447a994a1be7473ab3614,3,gender,3,0
a5192da213f447a994a1be7473ab3614,3,gender,4,0
bc3b905714e04f6b92b16d61e68a386c,3,age,1,0
bc3b905714e04f6b92b16d61e68a386c,3,age,2,0
bc3b905714e04f6b92b16d61e68a386c,3,age,3,0
bc3b905714e04f6b92b16d61e68a386c,3,age,4,0
bc3b905714e04f6b92b16d61e68a386c,3,age,5,1
bc3b905714e04f6b92b16d61e68a386c,3,age,6,0
bc3b905714e04f6b92b16d61e68a386c,3,age,7,0
bc3b905714e04f6b92b16d61e68a386c,3,gender,1,0
bc3b905714e04f6b92b16d61e68a386c,3,gender,2,1
bc3b905714e04f6b92b16d61e68a386c,3,gender,3,0
bc3b905714e04f6b92b16d61e68a386c,3,gender,4,0
2df0945db0254f7787ca43fe70ba0597,3,age,1,0
2df0945db0254f7787ca43fe70ba0597,3,age,2,1
2df0945db0254f7787ca43fe70ba0597,3,age,3,0
2df0945db0254f7787ca43fe70ba0597,3,age,4,0
2df0945db0254f7787ca43fe70ba0597,3,age,5,0
2df0945db0254f7787ca43fe70ba0597,3,age,6,0
2df0945db0254f7787ca43fe70ba0597,3,age,7,0
2df0945db0254f7787ca43fe70ba0597,3,gender,1,1
2df0945db0254f7787ca43fe70ba0597,3,gender,2,0
2df0945db0254f7787ca43fe70ba0597,3,gender,3,0
2df0945db0254f7787ca43fe70ba0597,3,gender,4,0
ac262c7b117248c8adc02fcbf5a5a10e,3,age,1,0
ac262c7b117248c8adc02fcbf5a5a10e,3,age,2,1
ac262c7b117248c8adc02fcbf5a5a10e,3,age,3,0
ac262c7b117248c8adc02fcbf5a5a10e,3,age,4,0
ac262c7b117248c8adc02fcbf5a5a10e,3,age,5,0
ac262c7b117248c8adc02fcbf5a5a10e,3,age,6,0
ac262c7b117248c8adc02fcbf5a5a10e,3,age,7,0
ac262c7b117248c8adc02fcbf5a5a10e,3,gender,1,1
ac262c7b117248c8adc02fcbf5a5a10e,3,gender,2,0
ac262c7b117248c8adc02fcbf5a5a10e,3,gender,3,0
ac262c7b117248c8adc02fcbf5a5a10e,3,gender,4,0
2ded57ca5c7a4f69b611fe2bc7075080,3,age,1,0
2ded57ca5c7a4f69b611fe2bc7075080,3,age,2,0
2ded57ca5c7a4f69b611fe2bc7075080,3,age,3,1
2ded57ca5c7a4f69b611fe2bc7075080,3,age,4,0
2ded57ca5c7a4f69b611fe2bc7075080,3,age,5,0
2ded57ca5c7a4f69b611fe2bc7075080,3,age,6,0
2ded57ca5c7a4f69b611fe2bc7075080,3,age,7,0
2ded57ca5c7a4f69b611fe2bc7075080,3,gender,1,0
2ded57ca5c7a4f69b611fe2bc7075080,3,gender,2,1
2ded57ca5c7a4f69b611fe2bc7075080,3,gender,3,0
2ded57ca5c7a4f69b611fe2bc7075080,3,gender,4,0
eebbde520af9468fae0b2377082f06e6,3,age,1,0
eebbde520af9468fae0b2377082f06e6,3,age,2,1
eebbde520af9468fae0b2377082f06e6,3,age,3,0
eebbde520af9468fae0b2377082f06e6,3,age,4,0
eebbde520af9468fae0b2377082f06e6,3,age,5,0
eebbde520af9468fae0b2377082f06e6,3,age,6,0
eebbde520af9468fae0b2377082f06e6,3,age,7,0
eebbde520af9468fae0b2377082f06e6,3,gender,1,0
eebbde520af9468fae0b2377082f06e6,3,gender,2,1
eebbde520af9468fae0b2377082f06e6,3,gender,3,0
eebbde520af9468fae0b2377082f06e6,3,gender,4,0
31a3752aea8c406fa1584a133f743c7b,3,age,1,0
31a3752aea8c406fa1584a133f743c7b,3,age,2,0
31a3752aea8c406fa1584a133f743c7b,3,age,3,0
31a3752aea8c406fa1584a133f743c7b,3,age,4,0
31a3752aea8c406fa1584a133f743c7b,3,age,5,1
31a3752aea8c406fa1584a133f743c7b,3,age,6,0
31a3752aea8c406fa1584a133f743c7b,3,age,7,0
31a3752aea8c406fa1584a133f743c7b,3,gender,1,1
31a3752aea8c406fa1584a133f743c7b,3,gender,2,0
31a3752aea8c406fa1584a133f743c7b,3,gender,3,0
31a3752aea8c406fa1584a133f743c7b,3,gender,4,0
bbfda61cc310419c94490b86bffa4b5a,3,age,1,0
bbfda61cc310419c94490b86bffa4b5a,3,age,2,0
bbfda61cc310419c94490b86bffa4b5a,3,age,3,1
bbfda61cc310419c94490b86bffa4b5a,3,age,4,0
bbfda61cc310419c94490b86bffa4b5a,3,age,5,0
bbfda61cc310419c94490b86bffa4b5a,3,age,6,0
bbfda61cc310419c94490b86bffa4b5a,3,age,7,0
bbfda61cc310419c94490b86bffa4b5a,3,gender,1,0
bbfda61cc310419c94490b86bffa4b5a,3,gender,2,1
bbfda61cc310419c94490b86bffa4b5a,3,gender,3,0
bbfda61cc310419c94490b86bffa4b5a,3,gender,4,0
95e25cec08394c848875a99ce2a6506b,3,age,1,1
95e25cec08394c848875a99ce2a6506b,3,age,2,0
95e25cec08394c848875a99ce2a6506b,3,age,3,0
95e25cec08394c848875a99ce2a6506b,3,age,4,0
95e25cec08394c848875a99ce2a6506b,3,age,5,0
95e25cec08394c848875a99ce2a6506b,3,age,6,0
95e25cec08394c848875a99ce2a6506b,3,age,7,0
95e25cec08394c848875a99ce2a6506b,3,gender,1,1
95e25cec08394c848875a99ce2a6506b,3,gender,2,0
95e25cec08394c848875a99ce2a6506b,3,gender,3,0
95e25cec08394c848875a99ce2a6506b,3,gender,4,0
87efcc89a2784a32a900f613ed79205e,3,age,1,0
87efcc89a2784a32a900f613ed79205e,3,age,2,0
87efcc89a2784a32a900f613ed79205e,3,age,3,1
87efcc89a2784a32a900f613ed79205e,3,age,4,0
87efcc89a2784a32a900f613ed79205e,3,age,5,0
87efcc89a2784a32a900f613ed79205e,3,age,6,0
87efcc89a2784a32a900f613ed79205e,3,age,7,0
87efcc89a2784a32a900f613ed79205e,3,gender,1,0
87efcc89a2784a32a900f613ed79205e,3,gender,2,1
87efcc89a2784a32a900f613ed79205e,3,gender,3,0
87efcc89a2784a32a900f613ed79205e,3,gender,4,0
5187d1e2442a4af8845248b11e9ac5d6,3,age,1,0
5187d1e2442a4af8845248b11e9ac5d6,3,age,2,1
5187d1e2442a4af8845248b11e9ac5d6,3,age,3,0
5187d1e2442a4af8845248b11e9ac5d6,3,age,4,0
5187d1e2442a4af8845248b11e9ac5d6,3,age,5,0
5187d1e2442a4af8845248b11e9ac5d6,3,age,6,0
5187d1e2442a4af8845248b11e9ac5d6,3,age,7,0
5187d1e2442a4af8845248b11e9ac5d6,3,gender,1,0
5187d1e2442a4af8845248b11e9ac5d6,3,gender,2,1
5187d1e2442a4af8845248b11e9ac5d6,3,gender,3,0
5187d1e2442a4af8845248b11e9ac5d6,3,gender,4,0
592ae209c2274c26ab5fd0a627ad3aa0,3,age,1,0
592ae209c2274c26ab5fd0a627ad3aa0,3,age,2,1
592ae209c2274c26ab5fd0a627ad3aa0,3,age,3,0
592ae209c2274c26ab5fd0a627ad3aa0,3,age,4,0
592ae209c2274c26ab5fd0a627ad3aa0,3,age,5,0
592ae209c2274c26ab5fd0a627ad3aa0,3,age,6,0
592ae209c2274c26ab5fd0a627ad3aa0,3,age,7,0
592ae209c2274c26ab5fd0a627ad3aa0,3,gender,1,1
592ae209c2274c26ab5fd0a627ad3aa0,3,gender,2,0
592ae209c2274c26ab5fd0a627ad3aa0,3,gender,3,0
592ae209c2274c26ab5fd0a627ad3aa0,3,gender,4,0
dd7266c67a524590a6af747452f4fa37,3,age,1,0
dd7266c67a524590a6af747452f4fa37,3,age,2,1
dd7266c67a524590a6af747452f4fa37,3,age,3,0
dd7266c67a524590a6af747452f4fa37,3,age,4,0
dd7266c67a524590a6af747452f4fa37,3,age,5,0
dd7266c67a524590a6af747452f4fa37,3,age,6,0
dd7266c67a524590a6af747452f4fa37,3,age,7,0
dd7266c67a524590a6af747452f4fa37,3,gender,1,0
dd7266c67a524590a6af747452f4fa37,3,gender,2,1
dd7266c67a524590a6af747452f4fa37,3,gender,3,0
dd7266c67a524590a6af747452f4fa37,3,gender,4,0
831bd1f9852d464288bec6343c88dd26,3,age,1,0
831bd1f9852d464288bec6343c88dd26,3,age,2,0
831bd1f9852d464288bec6343c88dd26,3,age,3,1
831bd1f9852d464288bec6343c88dd26,3,age,4,0
831bd1f9852d464288bec6343c88dd26,3,age,5,0
831bd1f9852d464288bec6343c88dd26,3,age,6,0
831bd1f9852d464288bec6343c88dd26,3,age,7,0
831bd1f9852d464288bec6343c88dd26,3,gender,1,0
831bd1f9852d464288bec6343c88dd26,3,gender,2,1
831bd1f9852d464288bec6343c88dd26,3,gender,3,0
831bd1f9852d464288bec6343c88dd26,3,gender,4,0
f676d01868c541f792f4568914f28e5f,3,age,1,0
f676d01868c541f792f4568914f28e5f,3,age,2,0
f676d01868c541f792f4568914f28e5f,3,age,3,1
f676d01868c541f792f4568914f28e5f,3,age,4,0
f676d01868c541f792f4568914f28e5f,3,age,5,0
f676d01868c541f792f4568914f28e5f,3,age,6,0
f676d01868c541f792f4568914f28e5f,3,age,7,0
f676d01868c541f792f4568914f28e5f,3,gender,1,0
f676d01868c541f792f4568914f28e5f,3,gender,2,1
f676d01868c541f792f4568914f28e5f,3,gender,3,0
f676d01868c541f792f4568914f28e5f,3,gender,4,0
7a674bda2a7a43eeb1c94bf875188423,3,age,1,0
7a674bda2a7a43eeb1c94bf875188423,3,age,2,1
7a674bda2a7a43eeb1c94bf875188423,3,age,3,0
7a674bda2a7a43eeb1c94bf875188423,3,age,4,0
7a674bda2a7a43eeb1c94bf875188423,3,age,5,0
7a674bda2a7a43eeb1c94bf875188423,3,age,6,0
7a674bda2a7a43eeb1c94bf875188423,3,age,7,0
7a674bda2a7a43eeb1c94bf875188423,3,gender,1,0
7a674bda2a7a43eeb1c94bf875188423,3,gender,2,0
7a674bda2a7a43eeb1c94bf875188423,3,gender,3,1
7a674bda2a7a43eeb1c94bf875188423,3,gender,4,0
85cc8133564a4fe3b94e1c91ea2e20c2,3,age,1,0
85cc8133564a4fe3b94e1c91ea2e20c2,3,age,2,0
85cc8133564a4fe3b94e1c91ea2e20c2,3,age,3,0
85cc8133564a4fe3b94e1c91ea2e20c2,3,age,4,0
85cc8133564a4fe3b94e1c91ea2e20c2,3,age,5,0
85cc8133564a4fe3b94e1c91ea2e20c2,3,age,6,1
85cc8133564a4fe3b94e1c91ea2e20c2,3,age,7,0
85cc8133564a4fe3b94e1c91ea2e20c2,3,gender,1,1
85cc8133564a4fe3b94e1c91ea2e20c2,3,gender,2,0
85cc8133564a4fe3b94e1c91ea2e20c2,3,gender,3,0
85cc8133564a4fe3b94e1c91ea2e20c2,3,gender,4,0
6355a1b7c6f84d8a95ad2a433f8ca16a,3,age,1,0
6355a1b7c6f84d8a95ad2a433f8ca16a,3,age,2,0
6355a1b7c6f84d8a95ad2a433f8ca16a,3,age,3,0
6355a1b7c6f84d8a95ad2a433f8ca16a,3,age,4,0
6355a1b7c6f84d8a95ad2a433f8ca16a,3,age,5,1
6355a1b7c6f84d8a95ad2a433f8ca16a,3,age,6,0
6355a1b7c6f84d8a95ad2a433f8ca16a,3,age,7,0
6355a1b7c6f84d8a95ad2a433f8ca16a,3,gender,1,1
6355a1b7c6f84d8a95ad2a433f8ca16a,3,gender,2,0
6355a1b7c6f84d8a95ad2a433f8ca16a,3,gender,3,0
6355a1b7c6f84d8a95ad2a433f8ca16a,3,gender,4,0
f4a5b9ffab154f53ae964b26b14a9009,3,age,1,1
f4a5b9ffab154f53ae964b26b14a9009,3,age,2,0
f4a5b9ffab154f53ae964b26b14a9009,3,age,3,0
f4a5b9ffab154f53ae964b26b14a9009,3,age,4,0
f4a5b9ffab154f53ae964b26b14a9009,3,age,5,0
f4a5b9ffab154f53ae964b26b14a9009,3,age,6,0
f4a5b9ffab154f53ae964b26b14a9009,3,age,7,0
f4a5b9ffab154f53ae964b26b14a9009,3,gender,1,1
f4a5b9ffab154f53ae964b26b14a9009,3,gender,2,0
f4a5b9ffab154f53ae964b26b14a9009,3,gender,3,0
f4a5b9ffab154f53ae964b26b14a9009,3,gender,4,0
d2bbafc0591349b1b72d0e8c424d346b,3,age,1,0
d2bbafc0591349b1b72d0e8c424d346b,3,age,2,0
d2bbafc0591349b1b72d0e8c424d346b,3,age,3,1
d2bbafc0591349b1b72d0e8c424d346b,3,age,4,0
d2bbafc0591349b1b72d0e8c424d346b,3,age,5,0
d2bbafc0591349b1b72d0e8c424d346b,3,age,6,0
d2bbafc0591349b1b72d0e8c424d346b,3,age,7,0
d2bbafc0591349b1b72d0e8c424d346b,3,gender,1,0
d2bbafc0591349b1b72d0e8c424d346b,3,gender,2,1
d2bbafc0591349b1b72d0e8c424d346b,3,gender,3,0
d2bbafc0591349b1b72d0e8c424d346b,3,gender,4,0
ca4d165e470b4c06ba6ae6921710c375,3,age,1,0
ca4d165e470b4c06ba6ae6921710c375,3,age,2,1
ca4d165e470b4c06ba6ae6921710c375,3,age,3,0
ca4d165e470b4c06ba6ae6921710c375,3,age,4,0
ca4d165e470b4c06ba6ae6921710c375,3,age,5,0
ca4d165e470b4c06ba6ae6921710c375,3,age,6,0
ca4d165e470b4c06ba6ae6921710c375,3,age,7,0
ca4d165e470b4c06ba6ae6921710c375,3,gender,1,1
ca4d165e470b4c06ba6ae6921710c375,3,gender,2,0
ca4d165e470b4c06ba6ae6921710c375,3,gender,3,0
ca4d165e470b4c06ba6ae6921710c375,3,gender,4,0
5fb72ac5308343039d5e00f8e4f3a117,3,age,1,1
5fb72ac5308343039d5e00f8e4f3a117,3,age,2,0
5fb72ac5308343039d5e00f8e4f3a117,3,age,3,0
5fb72ac5308343039d5e00f8e4f3a117,3,age,4,0
5fb72ac5308343039d5e00f8e4f3a117,3,age,5,0
5fb72ac5308343039d5e00f8e4f3a117,3,age,6,0
5fb72ac5308343039d5e00f8e4f3a117,3,age,7,0
5fb72ac5308343039d5e00f8e4f3a117,3,gender,1,0
5fb72ac5308343039d5e00f8e4f3a117,3,gender,2,1
5fb72ac5308343039d5e00f8e4f3a117,3,gender,3,0
5fb72ac5308343039d5e00f8e4f3a117,3,gender,4,0
1730b1358c92479c81e4f62240c27dbc,3,age,1,0
1730b1358c92479c81e4f62240c27dbc,3,age,2,1
1730b1358c92479c81e4f62240c27dbc,3,age,3,0
1730b1358c92479c81e4f62240c27dbc,3,age,4,0
1730b1358c92479c81e4f62240c27dbc,3,age,5,0
1730b1358c92479c81e4f62240c27dbc,3,age,6,0
1730b1358c92479c81e4f62240c27dbc,3,age,7,0
1730b1358c92479c81e4f62240c27dbc,3,gender,1,0
1730b1358c92479c81e4f62240c27dbc,3,gender,2,1
1730b1358c92479c81e4f62240c27dbc,3,gender,3,0
1730b1358c92479c81e4f62240c27dbc,3,gender,4,0
5246960a7ab740bf8df632496ac1315f,3,age,1,0
5246960a7ab740bf8df632496ac1315f,3,age,2,1
5246960a7ab740bf8df632496ac1315f,3,age,3,0
5246960a7ab740bf8df632496ac1315f,3,age,4,0
5246960a7ab740bf8df632496ac1315f,3,age,5,0
5246960a7ab740bf8df632496ac1315f,3,age,6,0
5246960a7ab740bf8df632496ac1315f,3,age,7,0
5246960a7ab740bf8df632496ac1315f,3,gender,1,0
5246960a7ab740bf8df632496ac1315f,3,gender,2,1
5246960a7ab740bf8df632496ac1315f,3,gender,3,0
5246960a7ab740bf8df632496ac1315f,3,gender,4,0
7f1aed89e2ed434980a3540f106935eb,3,age,1,0
7f1aed89e2ed434980a3540f106935eb,3,age,2,1
7f1aed89e2ed434980a3540f106935eb,3,age,3,0
7f1aed89e2ed434980a3540f106935eb,3,age,4,0
7f1aed89e2ed434980a3540f106935eb,3,age,5,0
7f1aed89e2ed434980a3540f106935eb,3,age,6,0
7f1aed89e2ed434980a3540f106935eb,3,age,7,0
7f1aed89e2ed434980a3540f106935eb,3,gender,1,1
7f1aed89e2ed434980a3540f106935eb,3,gender,2,0
7f1aed89e2ed434980a3540f106935eb,3,gender,3,0
7f1aed89e2ed434980a3540f106935eb,3,gender,4,0
37ff3dc74d0e477281e8cf581c7b8026,3,age,1,0
37ff3dc74d0e477281e8cf581c7b8026,3,age,2,0
37ff3dc74d0e477281e8cf581c7b8026,3,age,3,1
37ff3dc74d0e477281e8cf581c7b8026,3,age,4,0
37ff3dc74d0e477281e8cf581c7b8026,3,age,5,0
37ff3dc74d0e477281e8cf581c7b8026,3,age,6,0
37ff3dc74d0e477281e8cf581c7b8026,3,age,7,0
37ff3dc74d0e477281e8cf581c7b8026,3,gender,1,1
37ff3dc74d0e477281e8cf581c7b8026,3,gender,2,0
37ff3dc74d0e477281e8cf581c7b8026,3,gender,3,0
37ff3dc74d0e477281e8cf581c7b8026,3,gender,4,0
e8fda7e68a1a4a8b9b6a2bc070cdd10f,0,age,1,0
e8fda7e68a1a4a8b9b6a2bc070cdd10f,0,age,2,1
e8fda7e68a1a4a8b9b6a2bc070cdd10f,0,age,3,0
e8fda7e68a1a4a8b9b6a2bc070cdd10f,0,age,4,0
e8fda7e68a1a4a8b9b6a2bc070cdd10f,0,age,5,0
e8fda7e68a1a4a8b9b6a2bc070cdd10f,0,age,6,0
e8fda7e68a1a4a8b9b6a2bc070cdd10f,0,age,7,0
e8fda7e68a1a4a8b9b6a2bc070cdd10f,0,gender,1,1
e8fda7e68a1a4a8b9b6a2bc070cdd10f,0,gender,2,0
e8fda7e68a1a4a8b9b6a2bc070cdd10f,0,gender,3,0
e8fda7e68a1a4a8b9b6a2bc070cdd10f,0,gender,4,0
50ed3777df5446a0943d4db026bc3a71,0,age,1,0
50ed3777df5446a0943d4db026bc3a71,0,age,2,0
50ed3777df5446a0943d4db026bc3a71,0,age,3,1
50ed3777df5446a0943d4db026bc3a71,0,age,4,0
50ed3777df5446a0943d4db026bc3a71,0,age,5,0
50ed3777df5446a0943d4db026bc3a71,0,age,6,0
50ed3777df5446a0943d4db026bc3a71,0,age,7,0
50ed3777df5446a0943d4db026bc3a71,0,gender,1,0
50ed3777df5446a0943d4db026bc3a71,0,gender,2,1
50ed3777df5446a0943d4db026bc3a71,0,gender,3,0
50ed3777df5446a0943d4db026bc3a71,0,gender,4,0
a7e46db005a54846a9703a0c1eecec94,0,age,1,1
a7e46db005a54846a9703a0c1eecec94,0,age,2,0
a7e46db005a54846a9703a0c1eecec94,0,age,3,0
a7e46db005a54846a9703a0c1eecec94,0,age,4,0
a7e46db005a54846a9703a0c1eecec94,0,age,5,0
a7e46db005a54846a9703a0c1eecec94,0,age,6,0
a7e46db005a54846a9703a0c1eecec94,0,age,7,0
a7e46db005a54846a9703a0c1eecec94,0,gender,1,1
a7e46db005a54846a9703a0c1eecec94,0,gender,2,0
a7e46db005a54846a9703a0c1eecec94,0,gender,3,0
a7e46db005a54846a9703a0c1eecec94,0,gender,4,0
5f69d5a58d844f00a4d4a632bc086c9e,0,age,1,0
5f69d5a58d844f00a4d4a632bc086c9e,0,age,2,0
5f69d5a58d844f00a4d4a632bc086c9e,0,age,3,1
5f69d5a58d844f00a4d4a632bc086c9e,0,age,4,0
5f69d5a58d844f00a4d4a632bc086c9e,0,age,5,0
5f69d5a58d844f00a4d4a632bc086c9e,0,age,6,0
5f69d5a58d844f00a4d4a632bc086c9e,0,age,7,0
5f69d5a58d844f00a4d4a632bc086c9e,0,gender,1,0
5f69d5a58d844f00a4d4a632bc086c9e,0,gender,2,1
5f69d5a58d844f00a4d4a632bc086c9e,0,gender,3,0
5f69d5a58d844f00a4d4a632bc086c9e,0,gender,4,0
35201df096b44bc0ab3f31ebb0290cbf,0,age,1,0
35201df096b44bc0ab3f31ebb0290cbf,0,age,2,1
35201df096b44bc0ab3f31ebb0290cbf,0,age,3,0
35201df096b44bc0ab3f31ebb0290cbf,0,age,4,0
35201df096b44bc0ab3f31ebb0290cbf,0,age,5,0
35201df096b44bc0ab3f31ebb0290cbf,0,age,6,0
35201df096b44bc0ab3f31ebb0290cbf,0,age,7,0
35201df096b44bc0ab3f31ebb0290cbf,0,gender,1,1
35201df096b44bc0ab3f31ebb0290cbf,0,gender,2,0
35201df096b44bc0ab3f31ebb0290cbf,0,gender,3,0
35201df096b44bc0ab3f31ebb0290cbf,0,gender,4,0
f38614b264c44cb8aea694bbb1a19cc5,0,age,1,0
f38614b264c44cb8aea694bbb1a19cc5,0,age,2,0
f38614b264c44cb8aea694bbb1a19cc5,0,age,3,1
f38614b264c44cb8aea694bbb1a19cc5,0,age,4,0
f38614b264c44cb8aea694bbb1a19cc5,0,age,5,0
f38614b264c44cb8aea694bbb1a19cc5,0,age,6,0
f38614b264c44cb8aea694bbb1a19cc5,0,age,7,0
f38614b264c44cb8aea694bbb1a19cc5,0,gender,1,0
f38614b264c44cb8aea694bbb1a19cc5,0,gender,2,1
f38614b264c44cb8aea694bbb1a19cc5,0,gender,3,0
f38614b264c44cb8aea694bbb1a19cc5,0,gender,4,0
9619816b19fc47f8b364804e36d8bb54,0,age,1,0
9619816b19fc47f8b364804e36d8bb54,0,age,2,1
9619816b19fc47f8b364804e36d8bb54,0,age,3,0
9619816b19fc47f8b364804e36d8bb54,0,age,4,0
9619816b19fc47f8b364804e36d8bb54,0,age,5,0
9619816b19fc47f8b364804e36d8bb54,0,age,6,0
9619816b19fc47f8b364804e36d8bb54,0,age,7,0
9619816b19fc47f8b364804e36d8bb54,0,gender,1,0
9619816b19fc47f8b364804e36d8bb54,0,gender,2,1
9619816b19fc47f8b364804e36d8bb54,0,gender,3,0
9619816b19fc47f8b364804e36d8bb54,0,gender,4,0
174e50873c994c7caa20af03d08a4741,0,age,1,0
174e50873c994c7caa20af03d08a4741,0,age,2,1
174e50873c994c7caa20af03d08a4741,0,age,3,0
174e50873c994c7caa20af03d08a4741,0,age,4,0
174e50873c994c7caa20af03d08a4741,0,age,5,0
174e50873c994c7caa20af03d08a4741,0,age,6,0
174e50873c994c7caa20af03d08a4741,0,age,7,0
174e50873c994c7caa20af03d08a4741,0,gender,1,1
174e50873c994c7caa20af03d08a4741,0,gender,2,0
174e50873c994c7caa20af03d08a4741,0,gender,3,0
174e50873c994c7caa20af03d08a4741,0,gender,4,0
ba6fc3a274a2473280c5ac697eba7938,0,age,1,0
ba6fc3a274a2473280c5ac697eba7938,0,age,2,0
ba6fc3a274a2473280c5ac697eba7938,0,age,3,0
ba6fc3a274a2473280c5ac697eba7938,0,age,4,0
ba6fc3a274a2473280c5ac697eba7938,0,age,5,1
ba6fc3a274a2473280c5ac697eba7938,0,age,6,0
ba6fc3a274a2473280c5ac697eba7938,0,age,7,0
ba6fc3a274a2473280c5ac697eba7938,0,gender,1,1
ba6fc3a274a2473280c5ac697eba7938,0,gender,2,0
ba6fc3a274a2473280c5ac697eba7938,0,gender,3,0
ba6fc3a274a2473280c5ac697eba7938,0,gender,4,0
7a01ae99dd774251926d0baeaa3971db,0,age,1,0
7a01ae99dd774251926d0baeaa3971db,0,age,2,1
7a01ae99dd774251926d0baeaa3971db,0,age,3,0
7a01ae99dd774251926d0baeaa3971db,0,age,4,0
7a01ae99dd774251926d0baeaa3971db,0,age,5,0
7a01ae99dd774251926d0baeaa3971db,0,age,6,0
7a01ae99dd774251926d0baeaa3971db,0,age,7,0
7a01ae99dd774251926d0baeaa3971db,0,gender,1,0
7a01ae99dd774251926d0baeaa3971db,0,gender,2,1
7a01ae99dd774251926d0baeaa3971db,0,gender,3,0
7a01ae99dd774251926d0baeaa3971db,0,gender,4,0
5abccc0f4f5a4285ad18d3cba016eb86,0,age,1,0
5abccc0f4f5a4285ad18d3cba016eb86,0,age,2,1
5abccc0f4f5a4285ad18d3cba016eb86,0,age,3,0
5abccc0f4f5a4285ad18d3cba016eb86,0,age,4,0
5abccc0f4f5a4285ad18d3cba016eb86,0,age,5,0
5abccc0f4f5a4285ad18d3cba016eb86,0,age,6,0
5abccc0f4f5a4285ad18d3cba016eb86,0,age,7,0
5abccc0f4f5a4285ad18d3cba016eb86,0,gender,1,0
5abccc0f4f5a4285ad18d3cba016eb86,0,gender,2,1
5abccc0f4f5a4285ad18d3cba016eb86,0,gender,3,0
5abccc0f4f5a4285ad18d3cba016eb86,0,gender,4,0
eafd5ee978ce452f8fec52c2b87323ae,0,age,1,0
eafd5ee978ce452f8fec52c2b87323ae,0,age,2,0
eafd5ee978ce452f8fec52c2b87323ae,0,age,3,1
eafd5ee978ce452f8fec52c2b87323ae,0,age,4,0
eafd5ee978ce452f8fec52c2b87323ae,0,age,5,0
eafd5ee978ce452f8fec52c2b87323ae,0,age,6,0
eafd5ee978ce452f8fec52c2b87323ae,0,age,7,0
eafd5ee978ce452f8fec52c2b87323ae,0,gender,1,1
eafd5ee978ce452f8fec52c2b87323ae,0,gender,2,0
eafd5ee978ce452f8fec52c2b87323ae,0,gender,3,0
eafd5ee978ce452f8fec52c2b87323ae,0,gender,4,0
d56f83568dfd498e935f1f2e3ff81c22,0,age,1,0
d56f83568dfd498e935f1f2e3ff81c22,0,age,2,0
d56f83568dfd498e935f1f2e3ff81c22,0,age,3,0
d56f83568dfd498e935f1f2e3ff81c22,0,age,4,1
d56f83568dfd498e935f1f2e3ff81c22,0,age,5,0
d56f83568dfd498e935f1f2e3ff81c22,0,age,6,0
d56f83568dfd498e935f1f2e3ff81c22,0,age,7,0
d56f83568dfd498e935f1f2e3ff81c22,0,gender,1,1
d56f83568dfd498e935f1f2e3ff81c22,0,gender,2,0
d56f83568dfd498e935f1f2e3ff81c22,0,gender,3,0
d56f83568dfd498e935f1f2e3ff81c22,0,gender,4,0
9826fd588bc442a2b8b8ce1171e137b5,0,age,1,0
9826fd588bc442a2b8b8ce1171e137b5,0,age,2,0
9826fd588bc442a2b8b8ce1171e137b5,0,age,3,0
9826fd588bc442a2b8b8ce1171e137b5,0,age,4,0
9826fd588bc442a2b8b8ce1171e137b5,0,age,5,0
9826fd588bc442a2b8b8ce1171e137b5,0,age,6,1
9826fd588bc442a2b8b8ce1171e137b5,0,age,7,0
9826fd588bc442a2b8b8ce1171e137b5,0,gender,1,1
9826fd588bc442a2b8b8ce1171e137b5,0,gender,2,0
9826fd588bc442a2b8b8ce1171e137b5,0,gender,3,0
9826fd588bc442a2b8b8ce1171e137b5,0,gender,4,0
f51391334f6542c282e03e9eb967ec15,0,age,1,0
f51391334f6542c282e03e9eb967ec15,0,age,2,1
f51391334f6542c282e03e9eb967ec15,0,age,3,0
f51391334f6542c282e03e9eb967ec15,0,age,4,0
f51391334f6542c282e03e9eb967ec15,0,age,5,0
f51391334f6542c282e03e9eb967ec15,0,age,6,0
f51391334f6542c282e03e9eb967ec15,0,age,7,0
f51391334f6542c282e03e9eb967ec15,0,gender,1,1
f51391334f6542c282e03e9eb967ec15,0,gender,2,0
f51391334f6542c282e03e9eb967ec15,0,gender,3,0
f51391334f6542c282e03e9eb967ec15,0,gender,4,0
a1d5d46b26014b748b65863efe76d9f4,0,age,1,0
a1d5d46b26014b748b65863efe76d9f4,0,age,2,1
a1d5d46b26014b748b65863efe76d9f4,0,age,3,0
a1d5d46b26014b748b65863efe76d9f4,0,age,4,0
a1d5d46b26014b748b65863efe76d9f4,0,age,5,0
a1d5d46b26014b748b65863efe76d9f4,0,age,6,0
a1d5d46b26014b748b65863efe76d9f4,0,age,7,0
a1d5d46b26014b748b65863efe76d9f4,0,gender,1,0
a1d5d46b26014b748b65863efe76d9f4,0,gender,2,1
a1d5d46b26014b748b65863efe76d9f4,0,gender,3,0
a1d5d46b26014b748b65863efe76d9f4,0,gender,4,0
f05b8da2bd3648a9af629c57f11cd06c,0,age,1,0
f05b8da2bd3648a9af629c57f11cd06c,0,age,2,0
f05b8da2bd3648a9af629c57f11cd06c,0,age,3,1
f05b8da2bd3648a9af629c57f11cd06c,0,age,4,0
f05b8da2bd3648a9af629c57f11cd06c,0,age,5,0
f05b8da2bd3648a9af629c57f11cd06c,0,age,6,0
f05b8da2bd3648a9af629c57f11cd06c,0,age,7,0
f05b8da2bd3648a9af629c57f11cd06c,0,gender,1,0
f05b8da2bd3648a9af629c57f11cd06c,0,gender,2,1
f05b8da2bd3648a9af629c57f11cd06c,0,gender,3,0
f05b8da2bd3648a9af629c57f11cd06c,0,gender,4,0
2e90a8611040401090005ab091e8e751,0,age,1,0
2e90a8611040401090005ab091e8e751,0,age,2,0
2e90a8611040401090005ab091e8e751,0,age,3,0
2e90a8611040401090005ab091e8e751,0,age,4,1
2e90a8611040401090005ab091e8e751,0,age,5,0
2e90a8611040401090005ab091e8e751,0,age,6,0
2e90a8611040401090005ab091e8e751,0,age,7,0
2e90a8611040401090005ab091e8e751,0,gender,1,0
2e90a8611040401090005ab091e8e751,0,gender,2,1
2e90a8611040401090005ab091e8e751,0,gender,3,0
2e90a8611040401090005ab091e8e751,0,gender,4,0
17639c486a684637ab05374f19c586a9,0,age,1,0
17639c486a684637ab05374f19c586a9,0,age,2,0
17639c486a684637ab05374f19c586a9,0,age,3,0
17639c486a684637ab05374f19c586a9,0,age,4,1
17639c486a684637ab05374f19c586a9,0,age,5,0
17639c486a684637ab05374f19c586a9,0,age,6,0
17639c486a684637ab05374f19c586a9,0,age,7,0
17639c486a684637ab05374f19c586a9,0,gender,1,0
17639c486a684637ab05374f19c586a9,0,gender,2,1
17639c486a684637ab05374f19c586a9,0,gender,3,0
17639c486a684637ab05374f19c586a9,0,gender,4,0
5f8e0a041d854769bf69b0bda7ce1cfa,0,age,1,0
5f8e0a041d854769bf69b0bda7ce1cfa,0,age,2,0
5f8e0a041d854769bf69b0bda7ce1cfa,0,age,3,1
5f8e0a041d854769bf69b0bda7ce1cfa,0,age,4,0
5f8e0a041d854769bf69b0bda7ce1cfa,0,age,5,0
5f8e0a041d854769bf69b0bda7ce1cfa,0,age,6,0
5f8e0a041d854769bf69b0bda7ce1cfa,0,age,7,0
5f8e0a041d854769bf69b0bda7ce1cfa,0,gender,1,1
5f8e0a041d854769bf69b0bda7ce1cfa,0,gender,2,0
5f8e0a041d854769bf69b0bda7ce1cfa,0,gender,3,0
5f8e0a041d854769bf69b0bda7ce1cfa,0,gender,4,0
426ea668db7d4393a376e0ba6da284b0,0,age,1,0
426ea668db7d4393a376e0ba6da284b0,0,age,2,0
426ea668db7d4393a376e0ba6da284b0,0,age,3,0
426ea668db7d4393a376e0ba6da284b0,0,age,4,1
426ea668db7d4393a376e0ba6da284b0,0,age,5,0
426ea668db7d4393a376e0ba6da284b0,0,age,6,0
426ea668db7d4393a376e0ba6da284b0,0,age,7,0
426ea668db7d4393a376e0ba6da284b0,0,gender,1,1
426ea668db7d4393a376e0ba6da284b0,0,gender,2,0
426ea668db7d4393a376e0ba6da284b0,0,gender,3,0
426ea668db7d4393a376e0ba6da284b0,0,gender,4,0
87f688b2329b4fcb9b82d4a03249e49c,0,age,1,0
87f688b2329b4fcb9b82d4a03249e49c,0,age,2,0
87f688b2329b4fcb9b82d4a03249e49c,0,age,3,1
87f688b2329b4fcb9b82d4a03249e49c,0,age,4,0
87f688b2329b4fcb9b82d4a03249e49c,0,age,5,0
87f688b2329b4fcb9b82d4a03249e49c,0,age,6,0
87f688b2329b4fcb9b82d4a03249e49c,0,age,7,0
87f688b2329b4fcb9b82d4a03249e49c,0,gender,1,0
87f688b2329b4fcb9b82d4a03249e49c,0,gender,2,1
87f688b2329b4fcb9b82d4a03249e49c,0,gender,3,0
87f688b2329b4fcb9b82d4a03249e49c,0,gender,4,0
08723ac73e744c36bf07f4bd98505d05,0,age,1,0
08723ac73e744c36bf07f4bd98505d05,0,age,2,0
08723ac73e744c36bf07f4bd98505d05,0,age,3,0
08723ac73e744c36bf07f4bd98505d05,0,age,4,0
08723ac73e744c36bf07f4bd98505d05,0,age,5,1
08723ac73e744c36bf07f4bd98505d05,0,age,6,0
08723ac73e744c36bf07f4bd98505d05,0,age,7,0
08723ac73e744c36bf07f4bd98505d05,0,gender,1,1
08723ac73e744c36bf07f4bd98505d05,0,gender,2,0
08723ac73e744c36bf07f4bd98505d05,0,gender,3,0
08723ac73e744c36bf07f4bd98505d05,0,gender,4,0
b3988523b2fa40f38bd0a519915a127a,0,age,1,0
b3988523b2fa40f38bd0a519915a127a,0,age,2,0
b3988523b2fa40f38bd0a519915a127a,0,age,3,1
b3988523b2fa40f38bd0a519915a127a,0,age,4,0
b3988523b2fa40f38bd0a519915a127a,0,age,5,0
b3988523b2fa40f38bd0a519915a127a,0,age,6,0
b3988523b2fa40f38bd0a519915a127a,0,age,7,0
b3988523b2fa40f38bd0a519915a127a,0,gender,1,0
b3988523b2fa40f38bd0a519915a127a,0,gender,2,1
b3988523b2fa40f38bd0a519915a127a,0,gender,3,0
b3988523b2fa40f38bd0a519915a127a,0,gender,4,0
ac1d61e569f84b5ba719e4ecd8ca2b2e,0,age,1,0
ac1d61e569f84b5ba719e4ecd8ca2b2e,0,age,2,1
ac1d61e569f84b5ba719e4ecd8ca2b2e,0,age,3,0
ac1d61e569f84b5ba719e4ecd8ca2b2e,0,age,4,0
ac1d61e569f84b5ba719e4ecd8ca2b2e,0,age,5,0
ac1d61e569f84b5ba719e4ecd8ca2b2e,0,age,6,0
ac1d61e569f84b5ba719e4ecd8ca2b2e,0,age,7,0
ac1d61e569f84b5ba719e4ecd8ca2b2e,0,gender,1,1
ac1d61e569f84b5ba719e4ecd8ca2b2e,0,gender,2,0
ac1d61e569f84b5ba719e4ecd8ca2b2e,0,gender,3,0
ac1d61e569f84b5ba719e4ecd8ca2b2e,0,gender,4,0
e78b6cc6f1254e1f93832ae78d1a9f24,0,age,1,1
e78b6cc6f1254e1f93832ae78d1a9f24,0,age,2,0
e78b6cc6f1254e1f93832ae78d1a9f24,0,age,3,0
e78b6cc6f1254e1f93832ae78d1a9f24,0,age,4,0
e78b6cc6f1254e1f93832ae78d1a9f24,0,age,5,0
e78b6cc6f1254e1f93832ae78d1a9f24,0,age,6,0
e78b6cc6f1254e1f93832ae78d1a9f24,0,age,7,0
e78b6cc6f1254e1f93832ae78d1a9f24,0,gender,1,1
e78b6cc6f1254e1f93832ae78d1a9f24,0,gender,2,0
e78b6cc6f1254e1f93832ae78d1a9f24,0,gender,3,0
e78b6cc6f1254e1f93832ae78d1a9f24,0,gender,4,0
d76d5f907e7c49a7b79ed76c4789b42a,0,age,1,0
d76d5f907e7c49a7b79ed76c4789b42a,0,age,2,0
d76d5f907e7c49a7b79ed76c4789b42a,0,age,3,1
d76d5f907e7c49a7b79ed76c4789b42a,0,age,4,0
d76d5f907e7c49a7b79ed76c4789b42a,0,age,5,0
d76d5f907e7c49a7b79ed76c4789b42a,0,age,6,0
d76d5f907e7c49a7b79ed76c4789b42a,0,age,7,0
d76d5f907e7c49a7b79ed76c4789b42a,0,gender,1,0
d76d5f907e7c49a7b79ed76c4789b42a,0,gender,2,1
d76d5f907e7c49a7b79ed76c4789b42a,0,gender,3,0
d76d5f907e7c49a7b79ed76c4789b42a,0,gender,4,0
6c6400a1301c420e887f2e15f121c2f2,0,age,1,0
6c6400a1301c420e887f2e15f121c2f2,0,age,2,1
6c6400a1301c420e887f2e15f121c2f2,0,age,3,0
6c6400a1301c420e887f2e15f121c2f2,0,age,4,0
6c6400a1301c420e887f2e15f121c2f2,0,age,5,0
6c6400a1301c420e887f2e15f121c2f2,0,age,6,0
6c6400a1301c420e887f2e15f121c2f2,0,age,7,0
6c6400a1301c420e887f2e15f121c2f2,0,gender,1,0
6c6400a1301c420e887f2e15f121c2f2,0,gender,2,1
6c6400a1301c420e887f2e15f121c2f2,0,gender,3,0
6c6400a1301c420e887f2e15f121c2f2,0,gender,4,0
08b2021b4cc547358eff33ad60b953f0,0,age,1,1
08b2021b4cc547358eff33ad60b953f0,0,age,2,0
08b2021b4cc547358eff33ad60b953f0,0,age,3,0
08b2021b4cc547358eff33ad60b953f0,0,age,4,0
08b2021b4cc547358eff33ad60b953f0,0,age,5,0
08b2021b4cc547358eff33ad60b953f0,0,age,6,0
08b2021b4cc547358eff33ad60b953f0,0,age,7,0
08b2021b4cc547358eff33ad60b953f0,0,gender,1,0
08b2021b4cc547358eff33ad60b953f0,0,gender,2,1
08b2021b4cc547358eff33ad60b953f0,0,gender,3,0
08b2021b4cc547358eff33ad60b953f0,0,gender,4,0
c4a676324f5c470084cff3007ab92b6c,0,age,1,0
c4a676324f5c470084cff3007ab92b6c,0,age,2,0
c4a676324f5c470084cff3007ab92b6c,0,age,3,0
c4a676324f5c470084cff3007ab92b6c,0,age,4,1
c4a676324f5c470084cff3007ab92b6c,0,age,5,0
c4a676324f5c470084cff3007ab92b6c,0,age,6,0
c4a676324f5c470084cff3007ab92b6c,0,age,7,0
c4a676324f5c470084cff3007ab92b6c,0,gender,1,0
c4a676324f5c470084cff3007ab92b6c,0,gender,2,1
c4a676324f5c470084cff3007ab92b6c,0,gender,3,0
c4a676324f5c470084cff3007ab92b6c,0,gender,4,0
53e2dcb1e660473d8134c39c05737443,0,age,1,0
53e2dcb1e660473d8134c39c05737443,0,age,2,0
53e2dcb1e660473d8134c39c05737443,0,age,3,0
53e2dcb1e660473d8134c39c05737443,0,age,4,1
53e2dcb1e660473d8134c39c05737443,0,age,5,0
53e2dcb1e660473d8134c39c05737443,0,age,6,0
53e2dcb1e660473d8134c39c05737443,0,age,7,0
53e2dcb1e660473d8134c39c05737443,0,gender,1,0
53e2dcb1e660473d8134c39c05737443,0,gender,2,1
53e2dcb1e660473d8134c39c05737443,0,gender,3,0
53e2dcb1e660473d8134c39c05737443,0,gender,4,0
06784ab5b90f4885b592e9adf78cfe8a,0,age,1,0
06784ab5b90f4885b592e9adf78cfe8a,0,age,2,0
06784ab5b90f4885b592e9adf78cfe8a,0,age,3,1
06784ab5b90f4885b592e9adf78cfe8a,0,age,4,0
06784ab5b90f4885b592e9adf78cfe8a,0,age,5,0
06784ab5b90f4885b592e9adf78cfe8a,0,age,6,0
06784ab5b90f4885b592e9adf78cfe8a,0,age,7,0
06784ab5b90f4885b592e9adf78cfe8a,0,gender,1,0
06784ab5b90f4885b592e9adf78cfe8a,0,gender,2,1
06784ab5b90f4885b592e9adf78cfe8a,0,gender,3,0
06784ab5b90f4885b592e9adf78cfe8a,0,gender,4,0
6cf33889b28d4b7c94e0ffdfb2c93c6b,0,age,1,1
6cf33889b28d4b7c94e0ffdfb2c93c6b,0,age,2,0
6cf33889b28d4b7c94e0ffdfb2c93c6b,0,age,3,0
6cf33889b28d4b7c94e0ffdfb2c93c6b,0,age,4,0
6cf33889b28d4b7c94e0ffdfb2c93c6b,0,age,5,0
6cf33889b28d4b7c94e0ffdfb2c93c6b,0,age,6,0
6cf33889b28d4b7c94e0ffdfb2c93c6b,0,age,7,0
6cf33889b28d4b7c94e0ffdfb2c93c6b,0,gender,1,1
6cf33889b28d4b7c94e0ffdfb2c93c6b,0,gender,2,0
6cf33889b28d4b7c94e0ffdfb2c93c6b,0,gender,3,0
6cf33889b28d4b7c94e0ffdfb2c93c6b,0,gender,4,0
3eee05af5f1d43a5ba9d4acff2fcddc5,0,age,1,0
3eee05af5f1d43a5ba9d4acff2fcddc5,0,age,2,1
3eee05af5f1d43a5ba9d4acff2fcddc5,0,age,3,0
3eee05af5f1d43a5ba9d4acff2fcddc5,0,age,4,0
3eee05af5f1d43a5ba9d4acff2fcddc5,0,age,5,0
3eee05af5f1d43a5ba9d4acff2fcddc5,0,age,6,0
3eee05af5f1d43a5ba9d4acff2fcddc5,0,age,7,0
3eee05af5f1d43a5ba9d4acff2fcddc5,0,gender,1,1
3eee05af5f1d43a5ba9d4acff2fcddc5,0,gender,2,0
3eee05af5f1d43a5ba9d4acff2fcddc5,0,gender,3,0
3eee05af5f1d43a5ba9d4acff2fcddc5,0,gender,4,0
9a564f1ed4e041b08e798ed8151d1d5a,1,age,1,0
9a564f1ed4e041b08e798ed8151d1d5a,1,age,2,0
9a564f1ed4e041b08e798ed8151d1d5a,1,age,3,0
9a564f1ed4e041b08e798ed8151d1d5a,1,age,4,0
9a564f1ed4e041b08e798ed8151d1d5a,1,age,5,1
9a564f1ed4e041b08e798ed8151d1d5a,1,age,6,0
9a564f1ed4e041b08e798ed8151d1d5a,1,age,7,0
9a564f1ed4e041b08e798ed8151d1d5a,1,gender,1,1
9a564f1ed4e041b08e798ed8151d1d5a,1,gender,2,0
9a564f1ed4e041b08e798ed8151d1d5a,1,gender,3,0
9a564f1ed4e041b08e798ed8151d1d5a,1,gender,4,0
2b2939d8299348a88c3639180fb42f72,3,age,1,1
2b2939d8299348a88c3639180fb42f72,3,age,2,0
2b2939d8299348a88c3639180fb42f72,3,age,3,0
2b2939d8299348a88c3639180fb42f72,3,age,4,0
2b2939d8299348a88c3639180fb42f72,3,age,5,0
2b2939d8299348a88c3639180fb42f72,3,age,6,0
2b2939d8299348a88c3639180fb42f72,3,age,7,0
2b2939d8299348a88c3639180fb42f72,3,gender,1,0
2b2939d8299348a88c3639180fb42f72,3,gender,2,1
2b2939d8299348a88c3639180fb42f72,3,gender,3,0
2b2939d8299348a88c3639180fb42f72,3,gender,4,0
ab08de64c0204f26a6c4610c7b88d3a4,3,age,1,0
ab08de64c0204f26a6c4610c7b88d3a4,3,age,2,1
ab08de64c0204f26a6c4610c7b88d3a4,3,age,3,0
ab08de64c0204f26a6c4610c7b88d3a4,3,age,4,0
ab08de64c0204f26a6c4610c7b88d3a4,3,age,5,0
ab08de64c0204f26a6c4610c7b88d3a4,3,age,6,0
ab08de64c0204f26a6c4610c7b88d3a4,3,age,7,0
ab08de64c0204f26a6c4610c7b88d3a4,3,gender,1,0
ab08de64c0204f26a6c4610c7b88d3a4,3,gender,2,1
ab08de64c0204f26a6c4610c7b88d3a4,3,gender,3,0
ab08de64c0204f26a6c4610c7b88d3a4,3,gender,4,0
d220b23e6b84477f8a8ff3feb11418e1,3,age,1,0
d220b23e6b84477f8a8ff3feb11418e1,3,age,2,0
d220b23e6b84477f8a8ff3feb11418e1,3,age,3,1
d220b23e6b84477f8a8ff3feb11418e1,3,age,4,0
d220b23e6b84477f8a8ff3feb11418e1,3,age,5,0
d220b23e6b84477f8a8ff3feb11418e1,3,age,6,0
d220b23e6b84477f8a8ff3feb11418e1,3,age,7,0
d220b23e6b84477f8a8ff3feb11418e1,3,gender,1,1
d220b23e6b84477f8a8ff3feb11418e1,3,gender,2,0
d220b23e6b84477f8a8ff3feb11418e1,3,gender,3,0
d220b23e6b84477f8a8ff3feb11418e1,3,gender,4,0
aeb83dbe71a346b581e644714f2e4795,3,age,1,0
aeb83dbe71a346b581e644714f2e4795,3,age,2,0
aeb83dbe71a346b581e644714f2e4795,3,age,3,0
aeb83dbe71a346b581e644714f2e4795,3,age,4,0
aeb83dbe71a346b581e644714f2e4795,3,age,5,0
aeb83dbe71a346b581e644714f2e4795,3,age,6,0
aeb83dbe71a346b581e644714f2e4795,3,age,7,1
aeb83dbe71a346b581e644714f2e4795,3,gender,1,0
aeb83dbe71a346b581e644714f2e4795,3,gender,2,0
aeb83dbe71a346b581e644714f2e4795,3,gender,3,0
aeb83dbe71a346b581e644714f2e4795,3,gender,4,1
8fa9715bebe5428282bd1ac23a928733,0,age,1,0
8fa9715bebe5428282bd1ac23a928733,0,age,2,1
8fa9715bebe5428282bd1ac23a928733,0,age,3,0
8fa9715bebe5428282bd1ac23a928733,0,age,4,0
8fa9715bebe5428282bd1ac23a928733,0,age,5,0
8fa9715bebe5428282bd1ac23a928733,0,age,6,0
8fa9715bebe5428282bd1ac23a928733,0,age,7,0
8fa9715bebe5428282bd1ac23a928733,0,gender,1,1
8fa9715bebe5428282bd1ac23a928733,0,gender,2,0
8fa9715bebe5428282bd1ac23a928733,0,gender,3,0
8fa9715bebe5428282bd1ac23a928733,0,gender,4,0
0b553872c9b04317b14b586db2258347,0,age,1,0
0b553872c9b04317b14b586db2258347,0,age,2,0
0b553872c9b04317b14b586db2258347,0,age,3,0
0b553872c9b04317b14b586db2258347,0,age,4,1
0b553872c9b04317b14b586db2258347,0,age,5,0
0b553872c9b04317b14b586db2258347,0,age,6,0
0b553872c9b04317b14b586db2258347,0,age,7,0
0b553872c9b04317b14b586db2258347,0,gender,1,1
0b553872c9b04317b14b586db2258347,0,gender,2,0
0b553872c9b04317b14b586db2258347,0,gender,3,0
0b553872c9b04317b14b586db2258347,0,gender,4,0
98ccf990c15f4a478c2e65b755377b02,0,age,1,1
98ccf990c15f4a478c2e65b755377b02,0,age,2,0
98ccf990c15f4a478c2e65b755377b02,0,age,3,0
98ccf990c15f4a478c2e65b755377b02,0,age,4,0
98ccf990c15f4a478c2e65b755377b02,0,age,5,0
98ccf990c15f4a478c2e65b755377b02,0,age,6,0
98ccf990c15f4a478c2e65b755377b02,0,age,7,0
98ccf990c15f4a478c2e65b755377b02,0,gender,1,1
98ccf990c15f4a478c2e65b755377b02,0,gender,2,0
98ccf990c15f4a478c2e65b755377b02,0,gender,3,0
98ccf990c15f4a478c2e65b755377b02,0,gender,4,0
e1e8798bed64498c97a961c7414a6b78,0,age,1,0
e1e8798bed64498c97a961c7414a6b78,0,age,2,0
e1e8798bed64498c97a961c7414a6b78,0,age,3,1
e1e8798bed64498c97a961c7414a6b78,0,age,4,0
e1e8798bed64498c97a961c7414a6b78,0,age,5,0
e1e8798bed64498c97a961c7414a6b78,0,age,6,0
e1e8798bed64498c97a961c7414a6b78,0,age,7,0
e1e8798bed64498c97a961c7414a6b78,0,gender,1,1
e1e8798bed64498c97a961c7414a6b78,0,gender,2,0
e1e8798bed64498c97a961c7414a6b78,0,gender,3,0
e1e8798bed64498c97a961c7414a6b78,0,gender,4,0
5081bd40a7ed45a68630ae4dad24709f,0,age,1,1
5081bd40a7ed45a68630ae4dad24709f,0,age,2,0
5081bd40a7ed45a68630ae4dad24709f,0,age,3,0
5081bd40a7ed45a68630ae4dad24709f,0,age,4,0
5081bd40a7ed45a68630ae4dad24709f,0,age,5,0
5081bd40a7ed45a68630ae4dad24709f,0,age,6,0
5081bd40a7ed45a68630ae4dad24709f,0,age,7,0
5081bd40a7ed45a68630ae4dad24709f,0,gender,1,0
5081bd40a7ed45a68630ae4dad24709f,0,gender,2,1
5081bd40a7ed45a68630ae4dad24709f,0,gender,3,0
5081bd40a7ed45a68630ae4dad24709f,0,gender,4,0
f67986ea67fd4afba55402c4037fb078,0,age,1,0
f67986ea67fd4afba55402c4037fb078,0,age,2,0
f67986ea67fd4afba55402c4037fb078,0,age,3,1
f67986ea67fd4afba55402c4037fb078,0,age,4,0
f67986ea67fd4afba55402c4037fb078,0,age,5,0
f67986ea67fd4afba55402c4037fb078,0,age,6,0
f67986ea67fd4afba55402c4037fb078,0,age,7,0
f67986ea67fd4afba55402c4037fb078,0,gender,1,0
f67986ea67fd4afba55402c4037fb078,0,gender,2,1
f67986ea67fd4afba55402c4037fb078,0,gender,3,0
f67986ea67fd4afba55402c4037fb078,0,gender,4,0